-- MySQL dump 10.13  Distrib 5.7.42, for Linux (x86_64)
--
-- Host: localhost    Database: redmine
-- ------------------------------------------------------
-- Server version	5.7.42

/*!40101 SET @OLD_CHARACTER_SET_CLIENT=@@CHARACTER_SET_CLIENT */;
/*!40101 SET @OLD_CHARACTER_SET_RESULTS=@@CHARACTER_SET_RESULTS */;
/*!40101 SET @OLD_COLLATION_CONNECTION=@@COLLATION_CONNECTION */;
/*!40101 SET NAMES utf8 */;
/*!40103 SET @OLD_TIME_ZONE=@@TIME_ZONE */;
/*!40103 SET TIME_ZONE='+00:00' */;
/*!40014 SET @OLD_UNIQUE_CHECKS=@@UNIQUE_CHECKS, UNIQUE_CHECKS=0 */;
/*!40014 SET @OLD_FOREIGN_KEY_CHECKS=@@FOREIGN_KEY_CHECKS, FOREIGN_KEY_CHECKS=0 */;
/*!40101 SET @OLD_SQL_MODE=@@SQL_MODE, SQL_MODE='NO_AUTO_VALUE_ON_ZERO' */;
/*!40111 SET @OLD_SQL_NOTES=@@SQL_NOTES, SQL_NOTES=0 */;

--
-- Table structure for table `ar_internal_metadata`
--

DROP TABLE IF EXISTS `ar_internal_metadata`;
/*!40101 SET @saved_cs_client     = @@character_set_client */;
/*!40101 SET character_set_client = utf8 */;
CREATE TABLE `ar_internal_metadata` (
  `key` varchar(255) NOT NULL,
  `value` varchar(255) DEFAULT NULL,
  `created_at` datetime(6) NOT NULL,
  `updated_at` datetime(6) NOT NULL,
  PRIMARY KEY (`key`)
) ENGINE=InnoDB DEFAULT CHARSET=latin1;
/*!40101 SET character_set_client = @saved_cs_client */;

--
-- Dumping data for table `ar_internal_metadata`
--

LOCK TABLES `ar_internal_metadata` WRITE;
/*!40000 ALTER TABLE `ar_internal_metadata` DISABLE KEYS */;
INSERT INTO `ar_internal_metadata` VALUES ('environment','production','2023-04-24 20:04:23.298256','2023-04-24 20:04:23.298256');
/*!40000 ALTER TABLE `ar_internal_metadata` ENABLE KEYS */;
UNLOCK TABLES;

--
-- Table structure for table `attachments`
--

DROP TABLE IF EXISTS `attachments`;
/*!40101 SET @saved_cs_client     = @@character_set_client */;
/*!40101 SET character_set_client = utf8 */;
CREATE TABLE `attachments` (
  `id` int(11) NOT NULL AUTO_INCREMENT,
  `container_id` int(11) DEFAULT NULL,
  `container_type` varchar(30) DEFAULT NULL,
  `filename` varchar(255) NOT NULL DEFAULT '',
  `disk_filename` varchar(255) NOT NULL DEFAULT '',
  `filesize` bigint(20) NOT NULL DEFAULT '0',
  `content_type` varchar(255) DEFAULT '',
  `digest` varchar(64) NOT NULL DEFAULT '',
  `downloads` int(11) NOT NULL DEFAULT '0',
  `author_id` int(11) NOT NULL DEFAULT '0',
  `created_on` timestamp NULL DEFAULT NULL,
  `description` varchar(255) DEFAULT NULL,
  `disk_directory` varchar(255) DEFAULT NULL,
  PRIMARY KEY (`id`),
  KEY `index_attachments_on_author_id` (`author_id`),
  KEY `index_attachments_on_created_on` (`created_on`),
  KEY `index_attachments_on_container_id_and_container_type` (`container_id`,`container_type`),
  KEY `index_attachments_on_disk_filename` (`disk_filename`)
) ENGINE=InnoDB DEFAULT CHARSET=latin1;
/*!40101 SET character_set_client = @saved_cs_client */;

--
-- Dumping data for table `attachments`
--

LOCK TABLES `attachments` WRITE;
/*!40000 ALTER TABLE `attachments` DISABLE KEYS */;
/*!40000 ALTER TABLE `attachments` ENABLE KEYS */;
UNLOCK TABLES;

--
-- Table structure for table `auth_sources`
--

DROP TABLE IF EXISTS `auth_sources`;
/*!40101 SET @saved_cs_client     = @@character_set_client */;
/*!40101 SET character_set_client = utf8 */;
CREATE TABLE `auth_sources` (
  `id` int(11) NOT NULL AUTO_INCREMENT,
  `type` varchar(30) NOT NULL DEFAULT '',
  `name` varchar(60) NOT NULL DEFAULT '',
  `host` varchar(60) DEFAULT NULL,
  `port` int(11) DEFAULT NULL,
  `account` varchar(255) DEFAULT NULL,
  `account_password` varchar(255) DEFAULT '',
  `base_dn` varchar(255) DEFAULT NULL,
  `attr_login` varchar(30) DEFAULT NULL,
  `attr_firstname` varchar(30) DEFAULT NULL,
  `attr_lastname` varchar(30) DEFAULT NULL,
  `attr_mail` varchar(30) DEFAULT NULL,
  `onthefly_register` tinyint(1) NOT NULL DEFAULT '0',
  `tls` tinyint(1) NOT NULL DEFAULT '0',
  `filter` text,
  `timeout` int(11) DEFAULT NULL,
  `verify_peer` tinyint(1) NOT NULL DEFAULT '1',
  PRIMARY KEY (`id`),
  KEY `index_auth_sources_on_id_and_type` (`id`,`type`)
) ENGINE=InnoDB DEFAULT CHARSET=latin1;
/*!40101 SET character_set_client = @saved_cs_client */;

--
-- Dumping data for table `auth_sources`
--

LOCK TABLES `auth_sources` WRITE;
/*!40000 ALTER TABLE `auth_sources` DISABLE KEYS */;
/*!40000 ALTER TABLE `auth_sources` ENABLE KEYS */;
UNLOCK TABLES;

--
-- Table structure for table `boards`
--

DROP TABLE IF EXISTS `boards`;
/*!40101 SET @saved_cs_client     = @@character_set_client */;
/*!40101 SET character_set_client = utf8 */;
CREATE TABLE `boards` (
  `id` int(11) NOT NULL AUTO_INCREMENT,
  `project_id` int(11) NOT NULL,
  `name` varchar(255) NOT NULL DEFAULT '',
  `description` varchar(255) DEFAULT NULL,
  `position` int(11) DEFAULT NULL,
  `topics_count` int(11) NOT NULL DEFAULT '0',
  `messages_count` int(11) NOT NULL DEFAULT '0',
  `last_message_id` int(11) DEFAULT NULL,
  `parent_id` int(11) DEFAULT NULL,
  PRIMARY KEY (`id`),
  KEY `boards_project_id` (`project_id`),
  KEY `index_boards_on_last_message_id` (`last_message_id`)
) ENGINE=InnoDB DEFAULT CHARSET=latin1;
/*!40101 SET character_set_client = @saved_cs_client */;

--
-- Dumping data for table `boards`
--

LOCK TABLES `boards` WRITE;
/*!40000 ALTER TABLE `boards` DISABLE KEYS */;
/*!40000 ALTER TABLE `boards` ENABLE KEYS */;
UNLOCK TABLES;

--
-- Table structure for table `changes`
--

DROP TABLE IF EXISTS `changes`;
/*!40101 SET @saved_cs_client     = @@character_set_client */;
/*!40101 SET character_set_client = utf8 */;
CREATE TABLE `changes` (
  `id` int(11) NOT NULL AUTO_INCREMENT,
  `changeset_id` int(11) NOT NULL,
  `action` varchar(1) NOT NULL DEFAULT '',
  `path` text NOT NULL,
  `from_path` text,
  `from_revision` varchar(255) DEFAULT NULL,
  `revision` varchar(255) DEFAULT NULL,
  `branch` varchar(255) DEFAULT NULL,
  PRIMARY KEY (`id`),
  KEY `changesets_changeset_id` (`changeset_id`)
) ENGINE=InnoDB DEFAULT CHARSET=latin1;
/*!40101 SET character_set_client = @saved_cs_client */;

--
-- Dumping data for table `changes`
--

LOCK TABLES `changes` WRITE;
/*!40000 ALTER TABLE `changes` DISABLE KEYS */;
/*!40000 ALTER TABLE `changes` ENABLE KEYS */;
UNLOCK TABLES;

--
-- Table structure for table `changeset_parents`
--

DROP TABLE IF EXISTS `changeset_parents`;
/*!40101 SET @saved_cs_client     = @@character_set_client */;
/*!40101 SET character_set_client = utf8 */;
CREATE TABLE `changeset_parents` (
  `changeset_id` int(11) NOT NULL,
  `parent_id` int(11) NOT NULL,
  KEY `changeset_parents_changeset_ids` (`changeset_id`),
  KEY `changeset_parents_parent_ids` (`parent_id`)
) ENGINE=InnoDB DEFAULT CHARSET=latin1;
/*!40101 SET character_set_client = @saved_cs_client */;

--
-- Dumping data for table `changeset_parents`
--

LOCK TABLES `changeset_parents` WRITE;
/*!40000 ALTER TABLE `changeset_parents` DISABLE KEYS */;
/*!40000 ALTER TABLE `changeset_parents` ENABLE KEYS */;
UNLOCK TABLES;

--
-- Table structure for table `changesets`
--

DROP TABLE IF EXISTS `changesets`;
/*!40101 SET @saved_cs_client     = @@character_set_client */;
/*!40101 SET character_set_client = utf8 */;
CREATE TABLE `changesets` (
  `id` int(11) NOT NULL AUTO_INCREMENT,
  `repository_id` int(11) NOT NULL,
  `revision` varchar(255) NOT NULL,
  `committer` varchar(255) DEFAULT NULL,
  `committed_on` datetime NOT NULL,
  `comments` longtext,
  `commit_date` date DEFAULT NULL,
  `scmid` varchar(255) DEFAULT NULL,
  `user_id` int(11) DEFAULT NULL,
  PRIMARY KEY (`id`),
  UNIQUE KEY `changesets_repos_rev` (`repository_id`,`revision`),
  KEY `index_changesets_on_user_id` (`user_id`),
  KEY `index_changesets_on_repository_id` (`repository_id`),
  KEY `index_changesets_on_committed_on` (`committed_on`),
  KEY `changesets_repos_scmid` (`repository_id`,`scmid`)
) ENGINE=InnoDB DEFAULT CHARSET=latin1;
/*!40101 SET character_set_client = @saved_cs_client */;

--
-- Dumping data for table `changesets`
--

LOCK TABLES `changesets` WRITE;
/*!40000 ALTER TABLE `changesets` DISABLE KEYS */;
/*!40000 ALTER TABLE `changesets` ENABLE KEYS */;
UNLOCK TABLES;

--
-- Table structure for table `changesets_issues`
--

DROP TABLE IF EXISTS `changesets_issues`;
/*!40101 SET @saved_cs_client     = @@character_set_client */;
/*!40101 SET character_set_client = utf8 */;
CREATE TABLE `changesets_issues` (
  `changeset_id` int(11) NOT NULL,
  `issue_id` int(11) NOT NULL,
  UNIQUE KEY `changesets_issues_ids` (`changeset_id`,`issue_id`),
  KEY `index_changesets_issues_on_issue_id` (`issue_id`)
) ENGINE=InnoDB DEFAULT CHARSET=latin1;
/*!40101 SET character_set_client = @saved_cs_client */;

--
-- Dumping data for table `changesets_issues`
--

LOCK TABLES `changesets_issues` WRITE;
/*!40000 ALTER TABLE `changesets_issues` DISABLE KEYS */;
/*!40000 ALTER TABLE `changesets_issues` ENABLE KEYS */;
UNLOCK TABLES;

--
-- Table structure for table `comments`
--

DROP TABLE IF EXISTS `comments`;
/*!40101 SET @saved_cs_client     = @@character_set_client */;
/*!40101 SET character_set_client = utf8 */;
CREATE TABLE `comments` (
  `id` int(11) NOT NULL AUTO_INCREMENT,
  `commented_type` varchar(30) NOT NULL DEFAULT '',
  `commented_id` int(11) NOT NULL DEFAULT '0',
  `author_id` int(11) NOT NULL DEFAULT '0',
  `content` text,
  `created_on` datetime NOT NULL,
  `updated_on` datetime NOT NULL,
  PRIMARY KEY (`id`),
  KEY `index_comments_on_commented_id_and_commented_type` (`commented_id`,`commented_type`),
  KEY `index_comments_on_author_id` (`author_id`)
) ENGINE=InnoDB DEFAULT CHARSET=latin1;
/*!40101 SET character_set_client = @saved_cs_client */;

--
-- Dumping data for table `comments`
--

LOCK TABLES `comments` WRITE;
/*!40000 ALTER TABLE `comments` DISABLE KEYS */;
/*!40000 ALTER TABLE `comments` ENABLE KEYS */;
UNLOCK TABLES;

--
-- Table structure for table `custom_field_enumerations`
--

DROP TABLE IF EXISTS `custom_field_enumerations`;
/*!40101 SET @saved_cs_client     = @@character_set_client */;
/*!40101 SET character_set_client = utf8 */;
CREATE TABLE `custom_field_enumerations` (
  `id` int(11) NOT NULL AUTO_INCREMENT,
  `custom_field_id` int(11) NOT NULL,
  `name` varchar(255) NOT NULL,
  `active` tinyint(1) NOT NULL DEFAULT '1',
  `position` int(11) NOT NULL DEFAULT '1',
  PRIMARY KEY (`id`)
) ENGINE=InnoDB DEFAULT CHARSET=latin1;
/*!40101 SET character_set_client = @saved_cs_client */;

--
-- Dumping data for table `custom_field_enumerations`
--

LOCK TABLES `custom_field_enumerations` WRITE;
/*!40000 ALTER TABLE `custom_field_enumerations` DISABLE KEYS */;
/*!40000 ALTER TABLE `custom_field_enumerations` ENABLE KEYS */;
UNLOCK TABLES;

--
-- Table structure for table `custom_fields`
--

DROP TABLE IF EXISTS `custom_fields`;
/*!40101 SET @saved_cs_client     = @@character_set_client */;
/*!40101 SET character_set_client = utf8 */;
CREATE TABLE `custom_fields` (
  `id` int(11) NOT NULL AUTO_INCREMENT,
  `type` varchar(30) NOT NULL DEFAULT '',
  `name` varchar(30) NOT NULL DEFAULT '',
  `field_format` varchar(30) NOT NULL DEFAULT '',
  `possible_values` text,
  `regexp` varchar(255) DEFAULT '',
  `min_length` int(11) DEFAULT NULL,
  `max_length` int(11) DEFAULT NULL,
  `is_required` tinyint(1) NOT NULL DEFAULT '0',
  `is_for_all` tinyint(1) NOT NULL DEFAULT '0',
  `is_filter` tinyint(1) NOT NULL DEFAULT '0',
  `position` int(11) DEFAULT NULL,
  `searchable` tinyint(1) DEFAULT '0',
  `default_value` text,
  `editable` tinyint(1) DEFAULT '1',
  `visible` tinyint(1) NOT NULL DEFAULT '1',
  `multiple` tinyint(1) DEFAULT '0',
  `format_store` text,
  `description` text,
  PRIMARY KEY (`id`),
  KEY `index_custom_fields_on_id_and_type` (`id`,`type`)
) ENGINE=InnoDB DEFAULT CHARSET=latin1;
/*!40101 SET character_set_client = @saved_cs_client */;

--
-- Dumping data for table `custom_fields`
--

LOCK TABLES `custom_fields` WRITE;
/*!40000 ALTER TABLE `custom_fields` DISABLE KEYS */;
/*!40000 ALTER TABLE `custom_fields` ENABLE KEYS */;
UNLOCK TABLES;

--
-- Table structure for table `custom_fields_projects`
--

DROP TABLE IF EXISTS `custom_fields_projects`;
/*!40101 SET @saved_cs_client     = @@character_set_client */;
/*!40101 SET character_set_client = utf8 */;
CREATE TABLE `custom_fields_projects` (
  `custom_field_id` int(11) NOT NULL DEFAULT '0',
  `project_id` int(11) NOT NULL DEFAULT '0',
  UNIQUE KEY `index_custom_fields_projects_on_custom_field_id_and_project_id` (`custom_field_id`,`project_id`)
) ENGINE=InnoDB DEFAULT CHARSET=latin1;
/*!40101 SET character_set_client = @saved_cs_client */;

--
-- Dumping data for table `custom_fields_projects`
--

LOCK TABLES `custom_fields_projects` WRITE;
/*!40000 ALTER TABLE `custom_fields_projects` DISABLE KEYS */;
/*!40000 ALTER TABLE `custom_fields_projects` ENABLE KEYS */;
UNLOCK TABLES;

--
-- Table structure for table `custom_fields_roles`
--

DROP TABLE IF EXISTS `custom_fields_roles`;
/*!40101 SET @saved_cs_client     = @@character_set_client */;
/*!40101 SET character_set_client = utf8 */;
CREATE TABLE `custom_fields_roles` (
  `custom_field_id` int(11) NOT NULL,
  `role_id` int(11) NOT NULL,
  UNIQUE KEY `custom_fields_roles_ids` (`custom_field_id`,`role_id`)
) ENGINE=InnoDB DEFAULT CHARSET=latin1;
/*!40101 SET character_set_client = @saved_cs_client */;

--
-- Dumping data for table `custom_fields_roles`
--

LOCK TABLES `custom_fields_roles` WRITE;
/*!40000 ALTER TABLE `custom_fields_roles` DISABLE KEYS */;
/*!40000 ALTER TABLE `custom_fields_roles` ENABLE KEYS */;
UNLOCK TABLES;

--
-- Table structure for table `custom_fields_trackers`
--

DROP TABLE IF EXISTS `custom_fields_trackers`;
/*!40101 SET @saved_cs_client     = @@character_set_client */;
/*!40101 SET character_set_client = utf8 */;
CREATE TABLE `custom_fields_trackers` (
  `custom_field_id` int(11) NOT NULL DEFAULT '0',
  `tracker_id` int(11) NOT NULL DEFAULT '0',
  UNIQUE KEY `index_custom_fields_trackers_on_custom_field_id_and_tracker_id` (`custom_field_id`,`tracker_id`)
) ENGINE=InnoDB DEFAULT CHARSET=latin1;
/*!40101 SET character_set_client = @saved_cs_client */;

--
-- Dumping data for table `custom_fields_trackers`
--

LOCK TABLES `custom_fields_trackers` WRITE;
/*!40000 ALTER TABLE `custom_fields_trackers` DISABLE KEYS */;
/*!40000 ALTER TABLE `custom_fields_trackers` ENABLE KEYS */;
UNLOCK TABLES;

--
-- Table structure for table `custom_values`
--

DROP TABLE IF EXISTS `custom_values`;
/*!40101 SET @saved_cs_client     = @@character_set_client */;
/*!40101 SET character_set_client = utf8 */;
CREATE TABLE `custom_values` (
  `id` int(11) NOT NULL AUTO_INCREMENT,
  `customized_type` varchar(30) NOT NULL DEFAULT '',
  `customized_id` int(11) NOT NULL DEFAULT '0',
  `custom_field_id` int(11) NOT NULL DEFAULT '0',
  `value` longtext,
  PRIMARY KEY (`id`),
  KEY `custom_values_customized` (`customized_type`,`customized_id`),
  KEY `index_custom_values_on_custom_field_id` (`custom_field_id`)
) ENGINE=InnoDB DEFAULT CHARSET=latin1;
/*!40101 SET character_set_client = @saved_cs_client */;

--
-- Dumping data for table `custom_values`
--

LOCK TABLES `custom_values` WRITE;
/*!40000 ALTER TABLE `custom_values` DISABLE KEYS */;
/*!40000 ALTER TABLE `custom_values` ENABLE KEYS */;
UNLOCK TABLES;

--
-- Table structure for table `documents`
--

DROP TABLE IF EXISTS `documents`;
/*!40101 SET @saved_cs_client     = @@character_set_client */;
/*!40101 SET character_set_client = utf8 */;
CREATE TABLE `documents` (
  `id` int(11) NOT NULL AUTO_INCREMENT,
  `project_id` int(11) NOT NULL DEFAULT '0',
  `category_id` int(11) NOT NULL DEFAULT '0',
  `title` varchar(255) NOT NULL DEFAULT '',
  `description` text,
  `created_on` timestamp NULL DEFAULT NULL,
  PRIMARY KEY (`id`),
  KEY `documents_project_id` (`project_id`),
  KEY `index_documents_on_category_id` (`category_id`),
  KEY `index_documents_on_created_on` (`created_on`)
) ENGINE=InnoDB DEFAULT CHARSET=latin1;
/*!40101 SET character_set_client = @saved_cs_client */;

--
-- Dumping data for table `documents`
--

LOCK TABLES `documents` WRITE;
/*!40000 ALTER TABLE `documents` DISABLE KEYS */;
/*!40000 ALTER TABLE `documents` ENABLE KEYS */;
UNLOCK TABLES;

--
-- Table structure for table `email_addresses`
--

DROP TABLE IF EXISTS `email_addresses`;
/*!40101 SET @saved_cs_client     = @@character_set_client */;
/*!40101 SET character_set_client = utf8 */;
CREATE TABLE `email_addresses` (
  `id` int(11) NOT NULL AUTO_INCREMENT,
  `user_id` int(11) NOT NULL,
  `address` varchar(255) NOT NULL,
  `is_default` tinyint(1) NOT NULL DEFAULT '0',
  `notify` tinyint(1) NOT NULL DEFAULT '1',
  `created_on` datetime NOT NULL,
  `updated_on` datetime NOT NULL,
  PRIMARY KEY (`id`),
  KEY `index_email_addresses_on_user_id` (`user_id`)
) ENGINE=InnoDB AUTO_INCREMENT=8 DEFAULT CHARSET=latin1;
/*!40101 SET character_set_client = @saved_cs_client */;

--
-- Dumping data for table `email_addresses`
--

LOCK TABLES `email_addresses` WRITE;
/*!40000 ALTER TABLE `email_addresses` DISABLE KEYS */;
INSERT INTO `email_addresses` VALUES (1,1,'admin@example.net',1,1,'2023-04-24 20:04:22','2023-04-24 20:04:22'),(2,5,'dev_1@gmail.com',1,1,'2023-04-24 22:07:58','2023-04-24 22:07:58'),(3,6,'dev_2@gmail.com',1,1,'2023-04-24 22:08:21','2023-04-24 22:08:21'),(4,8,'cdp_1@gmail.com',1,1,'2023-04-24 22:10:50','2023-04-24 22:10:50'),(5,9,'cdp_2@gmail.com',1,1,'2023-04-24 22:11:38','2023-04-24 22:11:38'),(6,10,'test_1@gmail.com',1,1,'2023-04-24 22:13:29','2023-04-24 22:13:29'),(7,11,'test_2@gmail.com',1,1,'2023-04-24 22:15:31','2023-04-24 22:15:31');
/*!40000 ALTER TABLE `email_addresses` ENABLE KEYS */;
UNLOCK TABLES;

--
-- Table structure for table `enabled_modules`
--

DROP TABLE IF EXISTS `enabled_modules`;
/*!40101 SET @saved_cs_client     = @@character_set_client */;
/*!40101 SET character_set_client = utf8 */;
CREATE TABLE `enabled_modules` (
  `id` int(11) NOT NULL AUTO_INCREMENT,
  `project_id` int(11) DEFAULT NULL,
  `name` varchar(255) NOT NULL,
  PRIMARY KEY (`id`),
  KEY `enabled_modules_project_id` (`project_id`)
) ENGINE=InnoDB AUTO_INCREMENT=20 DEFAULT CHARSET=latin1;
/*!40101 SET character_set_client = @saved_cs_client */;

--
-- Dumping data for table `enabled_modules`
--

LOCK TABLES `enabled_modules` WRITE;
/*!40000 ALTER TABLE `enabled_modules` DISABLE KEYS */;
INSERT INTO `enabled_modules` VALUES (1,1,'issue_tracking'),(2,1,'time_tracking'),(3,1,'wiki'),(4,2,'issue_tracking'),(5,2,'time_tracking'),(6,2,'wiki'),(7,3,'issue_tracking'),(8,3,'time_tracking'),(9,3,'news'),(10,3,'wiki'),(11,4,'issue_tracking'),(12,4,'time_tracking'),(13,4,'wiki'),(14,5,'issue_tracking'),(15,5,'time_tracking'),(16,5,'wiki'),(17,6,'issue_tracking'),(18,6,'time_tracking'),(19,6,'wiki');
/*!40000 ALTER TABLE `enabled_modules` ENABLE KEYS */;
UNLOCK TABLES;

--
-- Table structure for table `enumerations`
--

DROP TABLE IF EXISTS `enumerations`;
/*!40101 SET @saved_cs_client     = @@character_set_client */;
/*!40101 SET character_set_client = utf8 */;
CREATE TABLE `enumerations` (
  `id` int(11) NOT NULL AUTO_INCREMENT,
  `name` varchar(30) NOT NULL DEFAULT '',
  `position` int(11) DEFAULT NULL,
  `is_default` tinyint(1) NOT NULL DEFAULT '0',
  `type` varchar(255) DEFAULT NULL,
  `active` tinyint(1) NOT NULL DEFAULT '1',
  `project_id` int(11) DEFAULT NULL,
  `parent_id` int(11) DEFAULT NULL,
  `position_name` varchar(30) DEFAULT NULL,
  PRIMARY KEY (`id`),
  KEY `index_enumerations_on_project_id` (`project_id`),
  KEY `index_enumerations_on_id_and_type` (`id`,`type`)
) ENGINE=InnoDB AUTO_INCREMENT=7 DEFAULT CHARSET=latin1;
/*!40101 SET character_set_client = @saved_cs_client */;

--
-- Dumping data for table `enumerations`
--

LOCK TABLES `enumerations` WRITE;
/*!40000 ALTER TABLE `enumerations` DISABLE KEYS */;
INSERT INTO `enumerations` VALUES (1,'Dev',1,0,'TimeEntryActivity',1,NULL,NULL,NULL),(2,'Test',2,0,'TimeEntryActivity',1,NULL,NULL,NULL),(3,'Review',3,0,'TimeEntryActivity',1,NULL,NULL,NULL),(4,'Basse',1,0,'IssuePriority',1,NULL,NULL,'lowest'),(5,'Moyenne',2,1,'IssuePriority',1,NULL,NULL,'default'),(6,'Haute',3,0,'IssuePriority',1,NULL,NULL,'highest');
/*!40000 ALTER TABLE `enumerations` ENABLE KEYS */;
UNLOCK TABLES;

--
-- Table structure for table `groups_users`
--

DROP TABLE IF EXISTS `groups_users`;
/*!40101 SET @saved_cs_client     = @@character_set_client */;
/*!40101 SET character_set_client = utf8 */;
CREATE TABLE `groups_users` (
  `group_id` int(11) NOT NULL,
  `user_id` int(11) NOT NULL,
  UNIQUE KEY `groups_users_ids` (`group_id`,`user_id`)
) ENGINE=InnoDB DEFAULT CHARSET=latin1;
/*!40101 SET character_set_client = @saved_cs_client */;

--
-- Dumping data for table `groups_users`
--

LOCK TABLES `groups_users` WRITE;
/*!40000 ALTER TABLE `groups_users` DISABLE KEYS */;
/*!40000 ALTER TABLE `groups_users` ENABLE KEYS */;
UNLOCK TABLES;

--
-- Table structure for table `import_items`
--

DROP TABLE IF EXISTS `import_items`;
/*!40101 SET @saved_cs_client     = @@character_set_client */;
/*!40101 SET character_set_client = utf8 */;
CREATE TABLE `import_items` (
  `id` int(11) NOT NULL AUTO_INCREMENT,
  `import_id` int(11) NOT NULL,
  `position` int(11) NOT NULL,
  `obj_id` int(11) DEFAULT NULL,
  `message` text,
  `unique_id` varchar(255) DEFAULT NULL,
  PRIMARY KEY (`id`),
  KEY `index_import_items_on_import_id_and_unique_id` (`import_id`,`unique_id`)
) ENGINE=InnoDB DEFAULT CHARSET=latin1;
/*!40101 SET character_set_client = @saved_cs_client */;

--
-- Dumping data for table `import_items`
--

LOCK TABLES `import_items` WRITE;
/*!40000 ALTER TABLE `import_items` DISABLE KEYS */;
/*!40000 ALTER TABLE `import_items` ENABLE KEYS */;
UNLOCK TABLES;

--
-- Table structure for table `imports`
--

DROP TABLE IF EXISTS `imports`;
/*!40101 SET @saved_cs_client     = @@character_set_client */;
/*!40101 SET character_set_client = utf8 */;
CREATE TABLE `imports` (
  `id` int(11) NOT NULL AUTO_INCREMENT,
  `type` varchar(255) DEFAULT NULL,
  `user_id` int(11) NOT NULL,
  `filename` varchar(255) DEFAULT NULL,
  `settings` text,
  `total_items` int(11) DEFAULT NULL,
  `finished` tinyint(1) NOT NULL DEFAULT '0',
  `created_at` datetime NOT NULL,
  `updated_at` datetime NOT NULL,
  PRIMARY KEY (`id`)
) ENGINE=InnoDB DEFAULT CHARSET=latin1;
/*!40101 SET character_set_client = @saved_cs_client */;

--
-- Dumping data for table `imports`
--

LOCK TABLES `imports` WRITE;
/*!40000 ALTER TABLE `imports` DISABLE KEYS */;
/*!40000 ALTER TABLE `imports` ENABLE KEYS */;
UNLOCK TABLES;

--
-- Table structure for table `issue_categories`
--

DROP TABLE IF EXISTS `issue_categories`;
/*!40101 SET @saved_cs_client     = @@character_set_client */;
/*!40101 SET character_set_client = utf8 */;
CREATE TABLE `issue_categories` (
  `id` int(11) NOT NULL AUTO_INCREMENT,
  `project_id` int(11) NOT NULL DEFAULT '0',
  `name` varchar(60) NOT NULL DEFAULT '',
  `assigned_to_id` int(11) DEFAULT NULL,
  PRIMARY KEY (`id`),
  KEY `issue_categories_project_id` (`project_id`),
  KEY `index_issue_categories_on_assigned_to_id` (`assigned_to_id`)
) ENGINE=InnoDB DEFAULT CHARSET=latin1;
/*!40101 SET character_set_client = @saved_cs_client */;

--
-- Dumping data for table `issue_categories`
--

LOCK TABLES `issue_categories` WRITE;
/*!40000 ALTER TABLE `issue_categories` DISABLE KEYS */;
/*!40000 ALTER TABLE `issue_categories` ENABLE KEYS */;
UNLOCK TABLES;

--
-- Table structure for table `issue_relations`
--

DROP TABLE IF EXISTS `issue_relations`;
/*!40101 SET @saved_cs_client     = @@character_set_client */;
/*!40101 SET character_set_client = utf8 */;
CREATE TABLE `issue_relations` (
  `id` int(11) NOT NULL AUTO_INCREMENT,
  `issue_from_id` int(11) NOT NULL,
  `issue_to_id` int(11) NOT NULL,
  `relation_type` varchar(255) NOT NULL DEFAULT '',
  `delay` int(11) DEFAULT NULL,
  PRIMARY KEY (`id`),
  UNIQUE KEY `index_issue_relations_on_issue_from_id_and_issue_to_id` (`issue_from_id`,`issue_to_id`),
  KEY `index_issue_relations_on_issue_from_id` (`issue_from_id`),
  KEY `index_issue_relations_on_issue_to_id` (`issue_to_id`)
) ENGINE=InnoDB DEFAULT CHARSET=latin1;
/*!40101 SET character_set_client = @saved_cs_client */;

--
-- Dumping data for table `issue_relations`
--

LOCK TABLES `issue_relations` WRITE;
/*!40000 ALTER TABLE `issue_relations` DISABLE KEYS */;
/*!40000 ALTER TABLE `issue_relations` ENABLE KEYS */;
UNLOCK TABLES;

--
-- Table structure for table `issue_statuses`
--

DROP TABLE IF EXISTS `issue_statuses`;
/*!40101 SET @saved_cs_client     = @@character_set_client */;
/*!40101 SET character_set_client = utf8 */;
CREATE TABLE `issue_statuses` (
  `id` int(11) NOT NULL AUTO_INCREMENT,
  `name` varchar(30) NOT NULL DEFAULT '',
  `is_closed` tinyint(1) NOT NULL DEFAULT '0',
  `position` int(11) DEFAULT NULL,
  `default_done_ratio` int(11) DEFAULT NULL,
  PRIMARY KEY (`id`),
  KEY `index_issue_statuses_on_position` (`position`),
  KEY `index_issue_statuses_on_is_closed` (`is_closed`)
) ENGINE=InnoDB AUTO_INCREMENT=11 DEFAULT CHARSET=latin1;
/*!40101 SET character_set_client = @saved_cs_client */;

--
-- Dumping data for table `issue_statuses`
--

LOCK TABLES `issue_statuses` WRITE;
/*!40000 ALTER TABLE `issue_statuses` DISABLE KEYS */;
INSERT INTO `issue_statuses` VALUES (1,'Nouveau',0,1,NULL),(2,'Fermer',1,2,NULL),(3,'En attente d\'un devéloppement',0,3,NULL),(4,'En cours de dev',0,4,NULL),(5,'En attente de relecture',0,5,NULL),(6,'A tester',0,6,NULL),(7,'Commentaire',0,7,NULL),(8,'A taguer',0,8,NULL),(9,'A publier',0,9,NULL),(10,'Publier',0,10,NULL);
/*!40000 ALTER TABLE `issue_statuses` ENABLE KEYS */;
UNLOCK TABLES;

--
-- Table structure for table `issues`
--

DROP TABLE IF EXISTS `issues`;
/*!40101 SET @saved_cs_client     = @@character_set_client */;
/*!40101 SET character_set_client = utf8 */;
CREATE TABLE `issues` (
  `id` int(11) NOT NULL AUTO_INCREMENT,
  `tracker_id` int(11) NOT NULL,
  `project_id` int(11) NOT NULL,
  `subject` varchar(255) NOT NULL DEFAULT '',
  `description` longtext,
  `due_date` date DEFAULT NULL,
  `category_id` int(11) DEFAULT NULL,
  `status_id` int(11) NOT NULL,
  `assigned_to_id` int(11) DEFAULT NULL,
  `priority_id` int(11) NOT NULL,
  `fixed_version_id` int(11) DEFAULT NULL,
  `author_id` int(11) NOT NULL,
  `lock_version` int(11) NOT NULL DEFAULT '0',
  `created_on` timestamp NULL DEFAULT NULL,
  `updated_on` timestamp NULL DEFAULT NULL,
  `start_date` date DEFAULT NULL,
  `done_ratio` int(11) NOT NULL DEFAULT '0',
  `estimated_hours` float DEFAULT NULL,
  `parent_id` int(11) DEFAULT NULL,
  `root_id` int(11) DEFAULT NULL,
  `lft` int(11) DEFAULT NULL,
  `rgt` int(11) DEFAULT NULL,
  `is_private` tinyint(1) NOT NULL DEFAULT '0',
  `closed_on` datetime DEFAULT NULL,
  PRIMARY KEY (`id`),
  KEY `issues_project_id` (`project_id`),
  KEY `index_issues_on_status_id` (`status_id`),
  KEY `index_issues_on_category_id` (`category_id`),
  KEY `index_issues_on_assigned_to_id` (`assigned_to_id`),
  KEY `index_issues_on_fixed_version_id` (`fixed_version_id`),
  KEY `index_issues_on_tracker_id` (`tracker_id`),
  KEY `index_issues_on_priority_id` (`priority_id`),
  KEY `index_issues_on_author_id` (`author_id`),
  KEY `index_issues_on_created_on` (`created_on`),
  KEY `index_issues_on_root_id_and_lft_and_rgt` (`root_id`,`lft`,`rgt`),
  KEY `index_issues_on_parent_id` (`parent_id`)
) ENGINE=InnoDB AUTO_INCREMENT=5 DEFAULT CHARSET=latin1;
/*!40101 SET character_set_client = @saved_cs_client */;

--
-- Dumping data for table `issues`
--

LOCK TABLES `issues` WRITE;
/*!40000 ALTER TABLE `issues` DISABLE KEYS */;
INSERT INTO `issues` VALUES (1,1,2,'Evolution N 1','Loreum ipseum','2023-04-30',NULL,5,6,5,NULL,8,4,'2023-04-25 20:23:45','2023-04-25 20:29:59','2023-04-25',50,10,NULL,1,1,2,0,NULL),(2,1,2,'Evolution N2','loreum ipseum','2023-05-11',NULL,3,5,4,NULL,8,2,'2023-04-25 20:24:13','2023-04-25 20:27:52','2023-04-30',10,15,NULL,2,1,2,0,NULL),(3,1,3,'Evo 3','loreuiùm psuedsqdsqdsq',NULL,NULL,1,NULL,6,NULL,8,1,'2023-04-25 20:25:24','2023-04-25 20:25:24','2023-04-25',0,NULL,NULL,3,1,2,0,NULL),(4,1,5,'Evo 4','ouai ouai',NULL,NULL,6,10,4,NULL,8,5,'2023-04-25 20:30:50','2023-04-25 20:31:35','2023-04-25',70,NULL,NULL,4,1,2,0,NULL);
/*!40000 ALTER TABLE `issues` ENABLE KEYS */;
UNLOCK TABLES;

--
-- Table structure for table `journal_details`
--

DROP TABLE IF EXISTS `journal_details`;
/*!40101 SET @saved_cs_client     = @@character_set_client */;
/*!40101 SET character_set_client = utf8 */;
CREATE TABLE `journal_details` (
  `id` int(11) NOT NULL AUTO_INCREMENT,
  `journal_id` int(11) NOT NULL DEFAULT '0',
  `property` varchar(30) NOT NULL DEFAULT '',
  `prop_key` varchar(30) NOT NULL DEFAULT '',
  `old_value` longtext,
  `value` longtext,
  PRIMARY KEY (`id`),
  KEY `journal_details_journal_id` (`journal_id`)
) ENGINE=InnoDB AUTO_INCREMENT=16 DEFAULT CHARSET=latin1;
/*!40101 SET character_set_client = @saved_cs_client */;

--
-- Dumping data for table `journal_details`
--

LOCK TABLES `journal_details` WRITE;
/*!40000 ALTER TABLE `journal_details` DISABLE KEYS */;
INSERT INTO `journal_details` VALUES (1,1,'attr','status_id','1','3'),(2,1,'attr','assigned_to_id','8','5'),(3,2,'attr','status_id','1','3'),(4,2,'attr','assigned_to_id',NULL,'5'),(5,3,'attr','status_id','3','4'),(6,4,'attr','status_id','4','5'),(7,4,'attr','assigned_to_id','5','6'),(8,4,'attr','done_ratio','0','50'),(9,5,'attr','status_id','1','3'),(10,5,'attr','assigned_to_id',NULL,'5'),(11,6,'attr','status_id','3','4'),(12,7,'attr','status_id','4','5'),(13,8,'attr','status_id','5','6'),(14,8,'attr','assigned_to_id','5','10'),(15,8,'attr','done_ratio','0','70');
/*!40000 ALTER TABLE `journal_details` ENABLE KEYS */;
UNLOCK TABLES;

--
-- Table structure for table `journals`
--

DROP TABLE IF EXISTS `journals`;
/*!40101 SET @saved_cs_client     = @@character_set_client */;
/*!40101 SET character_set_client = utf8 */;
CREATE TABLE `journals` (
  `id` int(11) NOT NULL AUTO_INCREMENT,
  `journalized_id` int(11) NOT NULL DEFAULT '0',
  `journalized_type` varchar(30) NOT NULL DEFAULT '',
  `user_id` int(11) NOT NULL DEFAULT '0',
  `notes` longtext,
  `created_on` datetime NOT NULL,
  `private_notes` tinyint(1) NOT NULL DEFAULT '0',
  PRIMARY KEY (`id`),
  KEY `journals_journalized_id` (`journalized_id`,`journalized_type`),
  KEY `index_journals_on_user_id` (`user_id`),
  KEY `index_journals_on_journalized_id` (`journalized_id`),
  KEY `index_journals_on_created_on` (`created_on`)
) ENGINE=InnoDB AUTO_INCREMENT=9 DEFAULT CHARSET=latin1;
/*!40101 SET character_set_client = @saved_cs_client */;

--
-- Dumping data for table `journals`
--

LOCK TABLES `journals` WRITE;
/*!40000 ALTER TABLE `journals` DISABLE KEYS */;
INSERT INTO `journals` VALUES (1,1,'Issue',8,'','2023-04-25 20:24:43',0),(2,2,'Issue',8,'','2023-04-25 20:27:52',0),(3,1,'Issue',5,'','2023-04-25 20:29:45',0),(4,1,'Issue',5,'','2023-04-25 20:29:59',0),(5,4,'Issue',8,'','2023-04-25 20:31:11',0),(6,4,'Issue',5,'','2023-04-25 20:31:22',0),(7,4,'Issue',5,'','2023-04-25 20:31:27',0),(8,4,'Issue',5,'','2023-04-25 20:31:35',0);
/*!40000 ALTER TABLE `journals` ENABLE KEYS */;
UNLOCK TABLES;

--
-- Table structure for table `member_roles`
--

DROP TABLE IF EXISTS `member_roles`;
/*!40101 SET @saved_cs_client     = @@character_set_client */;
/*!40101 SET character_set_client = utf8 */;
CREATE TABLE `member_roles` (
  `id` int(11) NOT NULL AUTO_INCREMENT,
  `member_id` int(11) NOT NULL,
  `role_id` int(11) NOT NULL,
  `inherited_from` int(11) DEFAULT NULL,
  PRIMARY KEY (`id`),
  KEY `index_member_roles_on_member_id` (`member_id`),
  KEY `index_member_roles_on_role_id` (`role_id`),
  KEY `index_member_roles_on_inherited_from` (`inherited_from`)
) ENGINE=InnoDB AUTO_INCREMENT=43 DEFAULT CHARSET=latin1;
/*!40101 SET character_set_client = @saved_cs_client */;

--
-- Dumping data for table `member_roles`
--

LOCK TABLES `member_roles` WRITE;
/*!40000 ALTER TABLE `member_roles` DISABLE KEYS */;
INSERT INTO `member_roles` VALUES (4,2,3,NULL),(5,2,4,NULL),(6,2,5,NULL),(7,3,4,NULL),(8,4,4,7),(9,5,4,7),(10,6,4,NULL),(11,7,4,10),(12,8,4,10),(13,9,5,NULL),(14,10,5,13),(15,11,5,13),(16,12,3,NULL),(17,13,3,16),(18,14,3,16),(19,15,3,NULL),(20,16,3,19),(21,17,3,19),(22,18,5,NULL),(23,19,5,22),(24,20,5,22),(25,21,3,NULL),(26,22,3,NULL),(27,23,4,NULL),(28,24,4,NULL),(29,25,5,NULL),(30,26,5,NULL),(31,27,3,NULL),(32,28,3,NULL),(33,29,4,NULL),(34,30,4,NULL),(35,31,5,NULL),(36,32,5,NULL),(37,33,3,NULL),(38,34,3,NULL),(39,35,4,NULL),(40,36,4,NULL),(41,37,5,NULL),(42,38,5,NULL);
/*!40000 ALTER TABLE `member_roles` ENABLE KEYS */;
UNLOCK TABLES;

--
-- Table structure for table `members`
--

DROP TABLE IF EXISTS `members`;
/*!40101 SET @saved_cs_client     = @@character_set_client */;
/*!40101 SET character_set_client = utf8 */;
CREATE TABLE `members` (
  `id` int(11) NOT NULL AUTO_INCREMENT,
  `user_id` int(11) NOT NULL DEFAULT '0',
  `project_id` int(11) NOT NULL DEFAULT '0',
  `created_on` timestamp NULL DEFAULT NULL,
  `mail_notification` tinyint(1) NOT NULL DEFAULT '0',
  PRIMARY KEY (`id`),
  UNIQUE KEY `index_members_on_user_id_and_project_id` (`user_id`,`project_id`),
  KEY `index_members_on_user_id` (`user_id`),
  KEY `index_members_on_project_id` (`project_id`)
) ENGINE=InnoDB AUTO_INCREMENT=39 DEFAULT CHARSET=latin1;
/*!40101 SET character_set_client = @saved_cs_client */;

--
-- Dumping data for table `members`
--

LOCK TABLES `members` WRITE;
/*!40000 ALTER TABLE `members` DISABLE KEYS */;
INSERT INTO `members` VALUES (1,1,3,'2023-04-24 22:06:07',0),(2,3,3,'2023-04-24 22:06:33',0),(3,5,1,'2023-04-24 22:09:34',0),(4,5,3,'2023-04-24 22:09:34',0),(5,5,2,'2023-04-24 22:09:34',0),(6,6,1,'2023-04-24 22:09:47',0),(7,6,3,'2023-04-24 22:09:47',0),(8,6,2,'2023-04-24 22:09:47',0),(9,10,1,'2023-04-24 22:13:44',0),(10,10,3,'2023-04-24 22:13:44',0),(11,10,2,'2023-04-24 22:13:44',0),(12,8,1,'2023-04-24 22:13:57',0),(13,8,3,'2023-04-24 22:13:57',0),(14,8,2,'2023-04-24 22:13:57',0),(15,9,1,'2023-04-24 22:14:07',0),(16,9,3,'2023-04-24 22:14:07',0),(17,9,2,'2023-04-24 22:14:07',0),(18,11,1,'2023-04-24 22:15:53',0),(19,11,3,'2023-04-24 22:15:53',0),(20,11,2,'2023-04-24 22:15:53',0),(21,8,4,'2023-04-25 19:48:10',0),(22,9,4,'2023-04-25 19:48:10',0),(23,5,4,'2023-04-25 19:48:19',0),(24,6,4,'2023-04-25 19:48:19',0),(25,10,4,'2023-04-25 19:48:26',0),(26,11,4,'2023-04-25 19:48:26',0),(27,8,6,'2023-04-25 19:50:15',0),(28,9,6,'2023-04-25 19:50:15',0),(29,5,6,'2023-04-25 19:50:20',0),(30,6,6,'2023-04-25 19:50:20',0),(31,10,6,'2023-04-25 19:50:26',0),(32,11,6,'2023-04-25 19:50:26',0),(33,8,5,'2023-04-25 19:50:46',0),(34,9,5,'2023-04-25 19:50:46',0),(35,5,5,'2023-04-25 19:50:51',0),(36,6,5,'2023-04-25 19:50:51',0),(37,10,5,'2023-04-25 19:50:57',0),(38,11,5,'2023-04-25 19:50:57',0);
/*!40000 ALTER TABLE `members` ENABLE KEYS */;
UNLOCK TABLES;

--
-- Table structure for table `messages`
--

DROP TABLE IF EXISTS `messages`;
/*!40101 SET @saved_cs_client     = @@character_set_client */;
/*!40101 SET character_set_client = utf8 */;
CREATE TABLE `messages` (
  `id` int(11) NOT NULL AUTO_INCREMENT,
  `board_id` int(11) NOT NULL,
  `parent_id` int(11) DEFAULT NULL,
  `subject` varchar(255) NOT NULL DEFAULT '',
  `content` text,
  `author_id` int(11) DEFAULT NULL,
  `replies_count` int(11) NOT NULL DEFAULT '0',
  `last_reply_id` int(11) DEFAULT NULL,
  `created_on` datetime NOT NULL,
  `updated_on` datetime NOT NULL,
  `locked` tinyint(1) DEFAULT '0',
  `sticky` int(11) DEFAULT '0',
  PRIMARY KEY (`id`),
  KEY `messages_board_id` (`board_id`),
  KEY `messages_parent_id` (`parent_id`),
  KEY `index_messages_on_last_reply_id` (`last_reply_id`),
  KEY `index_messages_on_author_id` (`author_id`),
  KEY `index_messages_on_created_on` (`created_on`)
) ENGINE=InnoDB DEFAULT CHARSET=latin1;
/*!40101 SET character_set_client = @saved_cs_client */;

--
-- Dumping data for table `messages`
--

LOCK TABLES `messages` WRITE;
/*!40000 ALTER TABLE `messages` DISABLE KEYS */;
/*!40000 ALTER TABLE `messages` ENABLE KEYS */;
UNLOCK TABLES;

--
-- Table structure for table `news`
--

DROP TABLE IF EXISTS `news`;
/*!40101 SET @saved_cs_client     = @@character_set_client */;
/*!40101 SET character_set_client = utf8 */;
CREATE TABLE `news` (
  `id` int(11) NOT NULL AUTO_INCREMENT,
  `project_id` int(11) DEFAULT NULL,
  `title` varchar(60) NOT NULL DEFAULT '',
  `summary` varchar(255) DEFAULT '',
  `description` text,
  `author_id` int(11) NOT NULL DEFAULT '0',
  `created_on` timestamp NULL DEFAULT NULL,
  `comments_count` int(11) NOT NULL DEFAULT '0',
  PRIMARY KEY (`id`),
  KEY `news_project_id` (`project_id`),
  KEY `index_news_on_author_id` (`author_id`),
  KEY `index_news_on_created_on` (`created_on`)
) ENGINE=InnoDB DEFAULT CHARSET=latin1;
/*!40101 SET character_set_client = @saved_cs_client */;

--
-- Dumping data for table `news`
--

LOCK TABLES `news` WRITE;
/*!40000 ALTER TABLE `news` DISABLE KEYS */;
/*!40000 ALTER TABLE `news` ENABLE KEYS */;
UNLOCK TABLES;

--
-- Table structure for table `projects`
--

DROP TABLE IF EXISTS `projects`;
/*!40101 SET @saved_cs_client     = @@character_set_client */;
/*!40101 SET character_set_client = utf8 */;
CREATE TABLE `projects` (
  `id` int(11) NOT NULL AUTO_INCREMENT,
  `name` varchar(255) NOT NULL DEFAULT '',
  `description` text,
  `homepage` varchar(255) DEFAULT '',
  `is_public` tinyint(1) NOT NULL DEFAULT '1',
  `parent_id` int(11) DEFAULT NULL,
  `created_on` timestamp NULL DEFAULT NULL,
  `updated_on` timestamp NULL DEFAULT NULL,
  `identifier` varchar(255) DEFAULT NULL,
  `status` int(11) NOT NULL DEFAULT '1',
  `lft` int(11) DEFAULT NULL,
  `rgt` int(11) DEFAULT NULL,
  `inherit_members` tinyint(1) NOT NULL DEFAULT '0',
  `default_version_id` int(11) DEFAULT NULL,
  `default_assigned_to_id` int(11) DEFAULT NULL,
  `default_issue_query_id` int(11) DEFAULT NULL,
  PRIMARY KEY (`id`),
  KEY `index_projects_on_lft` (`lft`),
  KEY `index_projects_on_rgt` (`rgt`)
) ENGINE=InnoDB AUTO_INCREMENT=7 DEFAULT CHARSET=latin1;
/*!40101 SET character_set_client = @saved_cs_client */;

--
-- Dumping data for table `projects`
--

LOCK TABLES `projects` WRITE;
/*!40000 ALTER TABLE `projects` DISABLE KEYS */;
INSERT INTO `projects` VALUES (1,'AD01','','',0,NULL,'2023-04-24 22:04:35','2023-04-25 20:44:32','ad01',1,1,6,0,NULL,NULL,NULL),(2,'AD01 - Gestion','','',1,1,'2023-04-24 22:05:29','2023-04-24 22:05:29','ad01-gestion',1,4,5,1,NULL,NULL,NULL),(3,'AD01 - Diffusion','','',0,1,'2023-04-24 22:05:46','2023-04-25 20:44:39','ad01-diffusion',1,2,3,1,NULL,NULL,NULL),(4,'AD02','','',1,NULL,'2023-04-25 19:47:32','2023-04-25 19:47:32','ad02',1,7,12,0,NULL,NULL,NULL),(5,'AD02 - Gestion','','',1,4,'2023-04-25 19:47:43','2023-04-25 19:47:43','ad02-gestion',1,10,11,0,NULL,NULL,NULL),(6,'AD02 - Diffusion','','',1,4,'2023-04-25 19:48:51','2023-04-25 19:48:51','ad02-diffusion',1,8,9,0,NULL,NULL,NULL);
/*!40000 ALTER TABLE `projects` ENABLE KEYS */;
UNLOCK TABLES;

--
-- Table structure for table `projects_trackers`
--

DROP TABLE IF EXISTS `projects_trackers`;
/*!40101 SET @saved_cs_client     = @@character_set_client */;
/*!40101 SET character_set_client = utf8 */;
CREATE TABLE `projects_trackers` (
  `project_id` int(11) NOT NULL DEFAULT '0',
  `tracker_id` int(11) NOT NULL DEFAULT '0',
  UNIQUE KEY `projects_trackers_unique` (`project_id`,`tracker_id`),
  KEY `projects_trackers_project_id` (`project_id`)
) ENGINE=InnoDB DEFAULT CHARSET=latin1;
/*!40101 SET character_set_client = @saved_cs_client */;

--
-- Dumping data for table `projects_trackers`
--

LOCK TABLES `projects_trackers` WRITE;
/*!40000 ALTER TABLE `projects_trackers` DISABLE KEYS */;
INSERT INTO `projects_trackers` VALUES (1,1),(2,1),(3,1),(4,1),(5,1),(6,1);
/*!40000 ALTER TABLE `projects_trackers` ENABLE KEYS */;
UNLOCK TABLES;

--
-- Table structure for table `queries`
--

DROP TABLE IF EXISTS `queries`;
/*!40101 SET @saved_cs_client     = @@character_set_client */;
/*!40101 SET character_set_client = utf8 */;
CREATE TABLE `queries` (
  `id` int(11) NOT NULL AUTO_INCREMENT,
  `project_id` int(11) DEFAULT NULL,
  `name` varchar(255) NOT NULL DEFAULT '',
  `filters` text,
  `user_id` int(11) NOT NULL DEFAULT '0',
  `column_names` text,
  `sort_criteria` text,
  `group_by` varchar(255) DEFAULT NULL,
  `type` varchar(255) DEFAULT NULL,
  `visibility` int(11) DEFAULT '0',
  `options` text,
  PRIMARY KEY (`id`),
  KEY `index_queries_on_project_id` (`project_id`),
  KEY `index_queries_on_user_id` (`user_id`)
) ENGINE=InnoDB DEFAULT CHARSET=latin1;
/*!40101 SET character_set_client = @saved_cs_client */;

--
-- Dumping data for table `queries`
--

LOCK TABLES `queries` WRITE;
/*!40000 ALTER TABLE `queries` DISABLE KEYS */;
/*!40000 ALTER TABLE `queries` ENABLE KEYS */;
UNLOCK TABLES;

--
-- Table structure for table `queries_roles`
--

DROP TABLE IF EXISTS `queries_roles`;
/*!40101 SET @saved_cs_client     = @@character_set_client */;
/*!40101 SET character_set_client = utf8 */;
CREATE TABLE `queries_roles` (
  `query_id` int(11) NOT NULL,
  `role_id` int(11) NOT NULL,
  UNIQUE KEY `queries_roles_ids` (`query_id`,`role_id`)
) ENGINE=InnoDB DEFAULT CHARSET=latin1;
/*!40101 SET character_set_client = @saved_cs_client */;

--
-- Dumping data for table `queries_roles`
--

LOCK TABLES `queries_roles` WRITE;
/*!40000 ALTER TABLE `queries_roles` DISABLE KEYS */;
/*!40000 ALTER TABLE `queries_roles` ENABLE KEYS */;
UNLOCK TABLES;

--
-- Table structure for table `repositories`
--

DROP TABLE IF EXISTS `repositories`;
/*!40101 SET @saved_cs_client     = @@character_set_client */;
/*!40101 SET character_set_client = utf8 */;
CREATE TABLE `repositories` (
  `id` int(11) NOT NULL AUTO_INCREMENT,
  `project_id` int(11) NOT NULL DEFAULT '0',
  `url` varchar(255) NOT NULL DEFAULT '',
  `login` varchar(60) DEFAULT '',
  `password` varchar(255) DEFAULT '',
  `root_url` varchar(255) DEFAULT '',
  `type` varchar(255) DEFAULT NULL,
  `path_encoding` varchar(64) DEFAULT NULL,
  `log_encoding` varchar(64) DEFAULT NULL,
  `extra_info` longtext,
  `identifier` varchar(255) DEFAULT NULL,
  `is_default` tinyint(1) DEFAULT '0',
  `created_on` timestamp NULL DEFAULT NULL,
  PRIMARY KEY (`id`),
  KEY `index_repositories_on_project_id` (`project_id`)
) ENGINE=InnoDB DEFAULT CHARSET=latin1;
/*!40101 SET character_set_client = @saved_cs_client */;

--
-- Dumping data for table `repositories`
--

LOCK TABLES `repositories` WRITE;
/*!40000 ALTER TABLE `repositories` DISABLE KEYS */;
/*!40000 ALTER TABLE `repositories` ENABLE KEYS */;
UNLOCK TABLES;

--
-- Table structure for table `roles`
--

DROP TABLE IF EXISTS `roles`;
/*!40101 SET @saved_cs_client     = @@character_set_client */;
/*!40101 SET character_set_client = utf8 */;
CREATE TABLE `roles` (
  `id` int(11) NOT NULL AUTO_INCREMENT,
  `name` varchar(255) NOT NULL DEFAULT '',
  `position` int(11) DEFAULT NULL,
  `assignable` tinyint(1) DEFAULT '1',
  `builtin` int(11) NOT NULL DEFAULT '0',
  `permissions` text,
  `issues_visibility` varchar(30) NOT NULL DEFAULT 'default',
  `users_visibility` varchar(30) NOT NULL DEFAULT 'all',
  `time_entries_visibility` varchar(30) NOT NULL DEFAULT 'all',
  `all_roles_managed` tinyint(1) NOT NULL DEFAULT '1',
  `settings` text,
  PRIMARY KEY (`id`)
) ENGINE=InnoDB AUTO_INCREMENT=6 DEFAULT CHARSET=latin1;
/*!40101 SET character_set_client = @saved_cs_client */;

--
-- Dumping data for table `roles`
--

LOCK TABLES `roles` WRITE;
/*!40000 ALTER TABLE `roles` DISABLE KEYS */;
INSERT INTO `roles` VALUES (1,'Non member',0,1,1,'---\n- :view_issues\n- :view_news\n- :view_messages\n','default','all','all',1,NULL),(2,'Anonymous',0,1,2,'---\n- :view_issues\n- :view_news\n- :view_messages\n','default','all','all',1,NULL),(3,'Chef de projet',1,1,0,'---\n- :add_project\n- :edit_project\n- :close_project\n- :delete_project\n- :select_project_modules\n- :manage_versions\n- :add_subprojects\n- :manage_public_queries\n- :save_queries\n- :view_messages\n- :add_messages\n- :edit_own_messages\n- :delete_own_messages\n- :view_message_watchers\n- :add_message_watchers\n- :delete_message_watchers\n- :manage_boards\n- :view_issues\n- :add_issues\n- :edit_own_issues\n- :manage_subtasks\n- :set_issues_private\n- :add_issue_notes\n- :edit_own_issue_notes\n- :view_private_notes\n- :set_notes_private\n- :view_issue_watchers\n- :add_issue_watchers\n- :delete_issue_watchers\n- :import_issues\n- :manage_categories\n','default','all','all',1,'---\npermissions_all_trackers:\n  view_issues: \'1\'\n  add_issues: \'1\'\n  edit_issues: \'0\'\n  add_issue_notes: \'1\'\n  delete_issues: \'0\'\npermissions_tracker_ids:\n  view_issues: []\n  add_issues: []\n  edit_issues: []\n  add_issue_notes: []\n  delete_issues: []\n'),(4,'Développeur',2,1,0,'---\n- :view_issues\n- :edit_issues\n- :manage_subtasks\n- :set_issues_private\n- :add_issue_notes\n- :edit_own_issue_notes\n- :view_private_notes\n- :set_notes_private\n- :delete_issues\n- :view_issue_watchers\n- :add_issue_watchers\n- :delete_issue_watchers\n','default','all','all',1,'---\npermissions_all_trackers:\n  view_issues: \'1\'\n  add_issues: \'0\'\n  edit_issues: \'1\'\n  add_issue_notes: \'1\'\n  delete_issues: \'0\'\npermissions_tracker_ids:\n  view_issues: []\n  add_issues: []\n  edit_issues: []\n  add_issue_notes: []\n  delete_issues: []\n'),(5,'Testeur',3,1,0,'---\n- :view_issues\n- :edit_issues\n- :manage_subtasks\n- :set_issues_private\n- :add_issue_notes\n- :edit_own_issue_notes\n- :view_private_notes\n- :set_notes_private\n- :delete_issues\n- :view_issue_watchers\n- :add_issue_watchers\n- :delete_issue_watchers\n','default','all','all',1,'---\npermissions_all_trackers:\n  view_issues: \'1\'\n  add_issues: \'0\'\n  edit_issues: \'1\'\n  add_issue_notes: \'1\'\n  delete_issues: \'0\'\npermissions_tracker_ids:\n  view_issues: []\n  add_issues: []\n  edit_issues: []\n  add_issue_notes: []\n  delete_issues: []\n');
/*!40000 ALTER TABLE `roles` ENABLE KEYS */;
UNLOCK TABLES;

--
-- Table structure for table `roles_managed_roles`
--

DROP TABLE IF EXISTS `roles_managed_roles`;
/*!40101 SET @saved_cs_client     = @@character_set_client */;
/*!40101 SET character_set_client = utf8 */;
CREATE TABLE `roles_managed_roles` (
  `role_id` int(11) NOT NULL,
  `managed_role_id` int(11) NOT NULL,
  UNIQUE KEY `index_roles_managed_roles_on_role_id_and_managed_role_id` (`role_id`,`managed_role_id`)
) ENGINE=InnoDB DEFAULT CHARSET=latin1;
/*!40101 SET character_set_client = @saved_cs_client */;

--
-- Dumping data for table `roles_managed_roles`
--

LOCK TABLES `roles_managed_roles` WRITE;
/*!40000 ALTER TABLE `roles_managed_roles` DISABLE KEYS */;
/*!40000 ALTER TABLE `roles_managed_roles` ENABLE KEYS */;
UNLOCK TABLES;

--
-- Table structure for table `schema_migrations`
--

DROP TABLE IF EXISTS `schema_migrations`;
/*!40101 SET @saved_cs_client     = @@character_set_client */;
/*!40101 SET character_set_client = utf8 */;
CREATE TABLE `schema_migrations` (
  `version` varchar(255) NOT NULL,
  PRIMARY KEY (`version`)
) ENGINE=InnoDB DEFAULT CHARSET=latin1;
/*!40101 SET character_set_client = @saved_cs_client */;

--
-- Dumping data for table `schema_migrations`
--

LOCK TABLES `schema_migrations` WRITE;
/*!40000 ALTER TABLE `schema_migrations` DISABLE KEYS */;
INSERT INTO `schema_migrations` VALUES ('1'),('10'),('100'),('101'),('102'),('103'),('104'),('105'),('106'),('107'),('108'),('11'),('12'),('13'),('14'),('15'),('16'),('17'),('18'),('19'),('2'),('20'),('20090214190337'),('20090312172426'),('20090312194159'),('20090318181151'),('20090323224724'),('20090401221305'),('20090401231134'),('20090403001910'),('20090406161854'),('20090425161243'),('20090503121501'),('20090503121505'),('20090503121510'),('20090614091200'),('20090704172350'),('20090704172355'),('20090704172358'),('20091010093521'),('20091017212227'),('20091017212457'),('20091017212644'),('20091017212938'),('20091017213027'),('20091017213113'),('20091017213151'),('20091017213228'),('20091017213257'),('20091017213332'),('20091017213444'),('20091017213536'),('20091017213642'),('20091017213716'),('20091017213757'),('20091017213835'),('20091017213910'),('20091017214015'),('20091017214107'),('20091017214136'),('20091017214236'),('20091017214308'),('20091017214336'),('20091017214406'),('20091017214440'),('20091017214519'),('20091017214611'),('20091017214644'),('20091017214720'),('20091017214750'),('20091025163651'),('20091108092559'),('20091114105931'),('20091123212029'),('20091205124427'),('20091220183509'),('20091220183727'),('20091220184736'),('20091225164732'),('20091227112908'),('20100129193402'),('20100129193813'),('20100221100219'),('20100313132032'),('20100313171051'),('20100705164950'),('20100819172912'),('20101104182107'),('20101107130441'),('20101114115114'),('20101114115359'),('20110220160626'),('20110223180944'),('20110223180953'),('20110224000000'),('20110226120112'),('20110226120132'),('20110227125750'),('20110228000000'),('20110228000100'),('20110401192910'),('20110408103312'),('20110412065600'),('20110511000000'),('20110902000000'),('20111201201315'),('20120115143024'),('20120115143100'),('20120115143126'),('20120127174243'),('20120205111326'),('20120223110929'),('20120301153455'),('20120422150750'),('20120705074331'),('20120707064544'),('20120714122000'),('20120714122100'),('20120714122200'),('20120731164049'),('20120930112914'),('20121026002032'),('20121026003537'),('20121209123234'),('20121209123358'),('20121213084931'),('20130110122628'),('20130201184705'),('20130202090625'),('20130207175206'),('20130207181455'),('20130215073721'),('20130215111127'),('20130215111141'),('20130217094251'),('20130602092539'),('20130710182539'),('20130713104233'),('20130713111657'),('20130729070143'),('20130911193200'),('20131004113137'),('20131005100610'),('20131124175346'),('20131210180802'),('20131214094309'),('20131215104612'),('20131218183023'),('20140228130325'),('20140903143914'),('20140920094058'),('20141029181752'),('20141029181824'),('20141109112308'),('20141122124142'),('20150113194759'),('20150113211532'),('20150113213922'),('20150113213955'),('20150208105930'),('20150510083747'),('20150525103953'),('20150526183158'),('20150528084820'),('20150528092912'),('20150528093249'),('20150725112753'),('20150730122707'),('20150730122735'),('20150921204850'),('20150921210243'),('20151020182334'),('20151020182731'),('20151021184614'),('20151021185456'),('20151021190616'),('20151024082034'),('20151025072118'),('20151031095005'),('20160404080304'),('20160416072926'),('20160529063352'),('20161001122012'),('20161002133421'),('20161010081301'),('20161010081528'),('20161010081600'),('20161126094932'),('20161220091118'),('20170207050700'),('20170302015225'),('20170309214320'),('20170320051650'),('20170418090031'),('20170419144536'),('20170723112801'),('20180501132547'),('20180913072918'),('20180923082945'),('20180923091603'),('20190315094151'),('20190315102101'),('20190510070108'),('20190620135549'),('20200826153401'),('20200826153402'),('20210704125704'),('20210705111300'),('20210728131544'),('20210801145548'),('20210801211024'),('20211213122100'),('20211213122101'),('20211213122102'),('20220224194639'),('21'),('22'),('23'),('24'),('25'),('26'),('27'),('28'),('29'),('3'),('30'),('31'),('32'),('33'),('34'),('35'),('36'),('37'),('38'),('39'),('4'),('40'),('41'),('42'),('43'),('44'),('45'),('46'),('47'),('48'),('49'),('5'),('50'),('51'),('52'),('53'),('54'),('55'),('56'),('57'),('58'),('59'),('6'),('60'),('61'),('62'),('63'),('64'),('65'),('66'),('67'),('68'),('69'),('7'),('70'),('71'),('72'),('73'),('74'),('75'),('76'),('77'),('78'),('79'),('8'),('80'),('81'),('82'),('83'),('84'),('85'),('86'),('87'),('88'),('89'),('9'),('90'),('91'),('92'),('93'),('94'),('95'),('96'),('97'),('98'),('99');
/*!40000 ALTER TABLE `schema_migrations` ENABLE KEYS */;
UNLOCK TABLES;

--
-- Table structure for table `settings`
--

DROP TABLE IF EXISTS `settings`;
/*!40101 SET @saved_cs_client     = @@character_set_client */;
/*!40101 SET character_set_client = utf8 */;
CREATE TABLE `settings` (
  `id` int(11) NOT NULL AUTO_INCREMENT,
  `name` varchar(255) NOT NULL DEFAULT '',
  `value` text,
  `updated_on` timestamp NULL DEFAULT NULL,
  PRIMARY KEY (`id`),
  KEY `index_settings_on_name` (`name`)
) ENGINE=InnoDB AUTO_INCREMENT=68 DEFAULT CHARSET=latin1;
/*!40101 SET character_set_client = @saved_cs_client */;

--
-- Dumping data for table `settings`
--

LOCK TABLES `settings` WRITE;
/*!40000 ALTER TABLE `settings` DISABLE KEYS */;
INSERT INTO `settings` VALUES (1,'app_title','Redmine','2023-04-24 22:16:16'),(2,'welcome_text','','2023-04-24 22:16:16'),(3,'per_page_options','25,50,100','2023-04-24 22:16:16'),(4,'search_results_per_page','10','2023-04-24 22:16:16'),(5,'activity_days_default','10','2023-04-24 22:16:16'),(6,'host_name','localhost:3000','2023-04-24 22:16:16'),(7,'protocol','http','2023-04-24 22:16:16'),(8,'text_formatting','markdown','2023-04-24 22:16:16'),(9,'cache_formatted_text','0','2023-04-24 22:16:16'),(10,'wiki_compression','','2023-04-24 22:16:16'),(11,'feeds_limit','15','2023-04-24 22:16:16'),(12,'ui_theme','classic','2023-04-24 22:16:22'),(13,'default_language','en','2023-04-24 22:16:22'),(14,'force_default_language_for_anonymous','0','2023-04-24 22:16:22'),(15,'force_default_language_for_loggedin','0','2023-04-24 22:16:22'),(16,'start_of_week','1','2023-04-24 22:16:52'),(17,'date_format','%d/%m/%Y','2023-04-24 22:16:52'),(18,'time_format','%H:%M','2023-04-24 22:16:52'),(19,'timespan_format','minutes','2023-04-24 22:16:22'),(20,'user_format','firstname_lastname','2023-04-24 22:16:22'),(21,'gravatar_enabled','0','2023-04-24 22:16:22'),(22,'thumbnails_enabled','1','2023-04-24 22:16:22'),(23,'thumbnails_size','100','2023-04-24 22:16:22'),(24,'new_item_menu_tab','2','2023-04-24 22:16:22'),(25,'rest_api_enabled','1','2023-04-24 22:16:56'),(26,'jsonp_enabled','0','2023-04-24 22:16:56'),(27,'default_projects_public','1','2023-04-24 22:17:26'),(28,'default_projects_modules','---\n- issue_tracking\n- time_tracking\n- wiki\n','2023-04-24 22:17:26'),(29,'default_projects_tracker_ids','---\n- \'1\'\n','2023-04-24 22:17:26'),(30,'sequential_project_identifiers','0','2023-04-24 22:17:26'),(31,'project_list_display_type','board','2023-04-24 22:17:26'),(32,'project_list_defaults','---\n:column_names:\n- name\n- identifier\n- short_description\n- parent_id\n','2023-04-24 22:17:26'),(33,'default_project_query','','2023-04-24 22:17:26'),(34,'cross_project_issue_relations','0','2023-04-24 22:18:52'),(35,'link_copied_issue','ask','2023-04-24 22:18:52'),(36,'cross_project_subtasks','tree','2023-04-24 22:18:52'),(37,'close_duplicate_issues','1','2023-04-24 22:18:52'),(38,'issue_group_assignment','0','2023-04-24 22:18:52'),(39,'default_issue_start_date_to_creation_date','1','2023-04-24 22:18:52'),(40,'display_subprojects_issues','1','2023-04-24 22:18:52'),(41,'issue_done_ratio','issue_field','2023-04-24 22:18:52'),(42,'non_working_week_days','---\n- \'6\'\n- \'7\'\n','2023-04-24 22:18:52'),(43,'issues_export_limit','500','2023-04-24 22:18:52'),(44,'gantt_items_limit','500','2023-04-24 22:18:52'),(45,'gantt_months_limit','24','2023-04-24 22:18:52'),(46,'parent_issue_dates','derived','2023-04-24 22:18:52'),(47,'parent_issue_priority','derived','2023-04-24 22:18:52'),(48,'parent_issue_done_ratio','derived','2023-04-24 22:18:52'),(49,'issue_list_default_columns','---\n- tracker\n- project\n- status\n- priority\n- subject\n- assigned_to\n- updated_on\n- created_on\n','2023-04-24 22:18:52'),(50,'issue_list_default_totals','---\n- estimated_hours\n- spent_hours\n','2023-04-24 22:18:52'),(51,'default_issue_query','','2023-04-24 22:18:52'),(52,'timelog_required_fields','---\n- issue_id\n- comments\n','2023-04-24 22:19:11'),(53,'timelog_accept_0_hours','0','2023-04-24 22:19:11'),(54,'timelog_accept_future_dates','0','2023-04-24 22:19:11'),(55,'time_entry_list_defaults','---\n:column_names:\n- \'\'\n- spent_on\n- user\n- activity\n- issue\n- comments\n- hours\n:totalable_names:\n- hours\n- \'\'\n','2023-04-24 22:19:11'),(56,'login_required','1','2023-04-25 20:45:45'),(57,'autologin','1','2023-04-25 20:45:45'),(58,'self_registration','2','2023-04-25 20:45:45'),(59,'show_custom_fields_on_registration','1','2023-04-25 20:45:45'),(60,'password_min_length','8','2023-04-25 20:45:45'),(61,'password_required_char_classes','--- []\n','2023-04-25 20:45:45'),(62,'password_max_age','0','2023-04-25 20:45:45'),(63,'lost_password','1','2023-04-25 20:45:45'),(64,'twofa','1','2023-04-25 20:45:45'),(65,'session_lifetime','0','2023-04-25 20:45:45'),(66,'session_timeout','0','2023-04-25 20:45:45'),(67,'plugin_redmine_cors','--- !ruby/hash:ActiveSupport::HashWithIndifferentAccess\ncors_domain: ok\n','2023-04-27 18:21:51');
/*!40000 ALTER TABLE `settings` ENABLE KEYS */;
UNLOCK TABLES;

--
-- Table structure for table `time_entries`
--

DROP TABLE IF EXISTS `time_entries`;
/*!40101 SET @saved_cs_client     = @@character_set_client */;
/*!40101 SET character_set_client = utf8 */;
CREATE TABLE `time_entries` (
  `id` int(11) NOT NULL AUTO_INCREMENT,
  `project_id` int(11) NOT NULL,
  `author_id` int(11) DEFAULT NULL,
  `user_id` int(11) NOT NULL,
  `issue_id` int(11) DEFAULT NULL,
  `hours` float NOT NULL,
  `comments` varchar(1024) DEFAULT NULL,
  `activity_id` int(11) NOT NULL,
  `spent_on` date NOT NULL,
  `tyear` int(11) NOT NULL,
  `tmonth` int(11) NOT NULL,
  `tweek` int(11) NOT NULL,
  `created_on` datetime NOT NULL,
  `updated_on` datetime NOT NULL,
  PRIMARY KEY (`id`),
  KEY `time_entries_project_id` (`project_id`),
  KEY `time_entries_issue_id` (`issue_id`),
  KEY `index_time_entries_on_activity_id` (`activity_id`),
  KEY `index_time_entries_on_user_id` (`user_id`),
  KEY `index_time_entries_on_created_on` (`created_on`)
) ENGINE=InnoDB DEFAULT CHARSET=latin1;
/*!40101 SET character_set_client = @saved_cs_client */;

--
-- Dumping data for table `time_entries`
--

LOCK TABLES `time_entries` WRITE;
/*!40000 ALTER TABLE `time_entries` DISABLE KEYS */;
/*!40000 ALTER TABLE `time_entries` ENABLE KEYS */;
UNLOCK TABLES;

--
-- Table structure for table `tokens`
--

DROP TABLE IF EXISTS `tokens`;
/*!40101 SET @saved_cs_client     = @@character_set_client */;
/*!40101 SET character_set_client = utf8 */;
CREATE TABLE `tokens` (
  `id` int(11) NOT NULL AUTO_INCREMENT,
  `user_id` int(11) NOT NULL DEFAULT '0',
  `action` varchar(30) NOT NULL DEFAULT '',
  `value` varchar(40) NOT NULL DEFAULT '',
  `created_on` datetime NOT NULL,
  `updated_on` timestamp NULL DEFAULT NULL,
  PRIMARY KEY (`id`),
  UNIQUE KEY `tokens_value` (`value`),
  KEY `index_tokens_on_user_id` (`user_id`)
) ENGINE=InnoDB AUTO_INCREMENT=17 DEFAULT CHARSET=latin1;
/*!40101 SET character_set_client = @saved_cs_client */;

--
-- Dumping data for table `tokens`
--

LOCK TABLES `tokens` WRITE;
/*!40000 ALTER TABLE `tokens` DISABLE KEYS */;
INSERT INTO `tokens` VALUES (2,1,'session','470b7de1c39129a1b9236f9a5998ccb76b3abe88','2023-04-24 20:10:35','2023-04-24 22:19:53'),(3,1,'feeds','20d1ce0c3bfefb1d6324b8b8bf5d6427aac2c134','2023-04-24 22:04:41','2023-04-24 22:04:41'),(6,8,'feeds','6272e5b42676b3cc92e01edb8425f0401ab94975','2023-04-25 20:06:02','2023-04-25 20:06:02'),(10,5,'session','6ede919d26165a5fea8899102d13851679c09d21','2023-04-25 20:29:12','2023-04-25 20:31:14'),(11,5,'feeds','4440563082cf94988405cead03cceb06ed541546','2023-04-25 20:29:12','2023-04-25 20:29:12'),(12,1,'session','27414aaf7ab7f0ad7ec0eb7041359a563dc825b4','2023-04-25 20:32:38','2023-04-25 20:45:45'),(13,8,'api','3643c849a4ab9768bd5bff8d5379385d69a5ba47','2023-04-25 21:53:34','2023-04-25 21:53:34'),(14,8,'session','305377a7d20c958afc96840da7f06945dd6c333e','2023-04-25 21:54:09','2023-04-25 22:05:08'),(15,1,'session','63d5a119c2ebaf88a8fd47adb2a0b206dac156ef','2023-04-26 22:58:12','2023-04-26 23:01:09'),(16,1,'session','aa36ca024a55bd56b57e9d70bc62b8bf35aa3e48','2023-04-27 18:02:29','2023-04-27 18:34:30');
/*!40000 ALTER TABLE `tokens` ENABLE KEYS */;
UNLOCK TABLES;

--
-- Table structure for table `trackers`
--

DROP TABLE IF EXISTS `trackers`;
/*!40101 SET @saved_cs_client     = @@character_set_client */;
/*!40101 SET character_set_client = utf8 */;
CREATE TABLE `trackers` (
  `id` int(11) NOT NULL AUTO_INCREMENT,
  `name` varchar(30) NOT NULL DEFAULT '',
  `description` varchar(255) DEFAULT NULL,
  `position` int(11) DEFAULT NULL,
  `is_in_roadmap` tinyint(1) NOT NULL DEFAULT '1',
  `fields_bits` int(11) DEFAULT '0',
  `default_status_id` int(11) DEFAULT NULL,
  PRIMARY KEY (`id`)
) ENGINE=InnoDB AUTO_INCREMENT=2 DEFAULT CHARSET=latin1;
/*!40101 SET character_set_client = @saved_cs_client */;

--
-- Dumping data for table `trackers`
--

LOCK TABLES `trackers` WRITE;
/*!40000 ALTER TABLE `trackers` DISABLE KEYS */;
INSERT INTO `trackers` VALUES (1,'Evolution','',1,1,0,1);
/*!40000 ALTER TABLE `trackers` ENABLE KEYS */;
UNLOCK TABLES;

--
-- Table structure for table `user_preferences`
--

DROP TABLE IF EXISTS `user_preferences`;
/*!40101 SET @saved_cs_client     = @@character_set_client */;
/*!40101 SET character_set_client = utf8 */;
CREATE TABLE `user_preferences` (
  `id` int(11) NOT NULL AUTO_INCREMENT,
  `user_id` int(11) NOT NULL DEFAULT '0',
  `others` text,
  `hide_mail` tinyint(1) DEFAULT '1',
  `time_zone` varchar(255) DEFAULT NULL,
  PRIMARY KEY (`id`),
  KEY `index_user_preferences_on_user_id` (`user_id`)
) ENGINE=InnoDB AUTO_INCREMENT=8 DEFAULT CHARSET=latin1;
/*!40101 SET character_set_client = @saved_cs_client */;

--
-- Dumping data for table `user_preferences`
--

LOCK TABLES `user_preferences` WRITE;
/*!40000 ALTER TABLE `user_preferences` DISABLE KEYS */;
INSERT INTO `user_preferences` VALUES (1,1,'---\n:no_self_notified: \'1\'\n:auto_watch_on:\n- issue_contributed_to\n:my_page_layout:\n  left:\n  - issuesassignedtome\n  right:\n  - issuesreportedbyme\n:my_page_settings: {}\n:recently_used_project_ids: \'1,3,2\'\n',1,''),(2,5,'---\n:no_self_notified: \'1\'\n:auto_watch_on:\n- \'\'\n- issue_contributed_to\n:comments_sorting: asc\n:warn_on_leaving_unsaved: \'1\'\n:textarea_font: \'\'\n:recently_used_projects: 3\n:history_default_tab: notes\n:toolbar_language_options: c,cpp,csharp,css,diff,go,groovy,html,java,javascript,objc,perl,php,python,r,ruby,sass,scala,shell,sql,swift,xml,yaml\n:default_issue_query: \'\'\n:default_project_query: \'\'\n:my_page_layout:\n  left:\n  - issuesassignedtome\n  right:\n  - issuesreportedbyme\n:my_page_settings: {}\n:recently_used_project_ids: \'5,2\'\n',1,''),(3,6,'---\n:no_self_notified: \'1\'\n:auto_watch_on:\n- \'\'\n- issue_contributed_to\n:comments_sorting: asc\n:warn_on_leaving_unsaved: \'1\'\n:textarea_font: \'\'\n:recently_used_projects: 3\n:history_default_tab: notes\n:toolbar_language_options: c,cpp,csharp,css,diff,go,groovy,html,java,javascript,objc,perl,php,python,r,ruby,sass,scala,shell,sql,swift,xml,yaml\n:default_issue_query: \'\'\n:default_project_query: \'\'\n:my_page_layout:\n  left:\n  - issuesassignedtome\n  right:\n  - issuesreportedbyme\n:my_page_settings: {}\n',1,''),(4,8,'---\n:no_self_notified: \'1\'\n:auto_watch_on:\n- \'\'\n- issue_contributed_to\n:comments_sorting: asc\n:warn_on_leaving_unsaved: \'1\'\n:textarea_font: \'\'\n:recently_used_projects: 3\n:history_default_tab: notes\n:toolbar_language_options: c,cpp,csharp,css,diff,go,groovy,html,java,javascript,objc,perl,php,python,r,ruby,sass,scala,shell,sql,swift,xml,yaml\n:default_issue_query: \'\'\n:default_project_query: \'\'\n:my_page_layout:\n  left:\n  - issuesassignedtome\n  right:\n  - issuesreportedbyme\n:my_page_settings: {}\n:recently_used_project_ids: \'5,4,1\'\n',1,''),(5,9,'---\n:no_self_notified: \'1\'\n:auto_watch_on:\n- \'\'\n- issue_contributed_to\n:comments_sorting: asc\n:warn_on_leaving_unsaved: \'1\'\n:textarea_font: \'\'\n:recently_used_projects: 3\n:history_default_tab: notes\n:toolbar_language_options: c,cpp,csharp,css,diff,go,groovy,html,java,javascript,objc,perl,php,python,r,ruby,sass,scala,shell,sql,swift,xml,yaml\n:default_issue_query: \'\'\n:default_project_query: \'\'\n:my_page_layout:\n  left:\n  - issuesassignedtome\n  right:\n  - issuesreportedbyme\n:my_page_settings: {}\n',1,''),(6,10,'---\n:no_self_notified: \'1\'\n:auto_watch_on:\n- \'\'\n- issue_contributed_to\n:comments_sorting: asc\n:warn_on_leaving_unsaved: \'1\'\n:textarea_font: \'\'\n:recently_used_projects: 3\n:history_default_tab: notes\n:toolbar_language_options: c,cpp,csharp,css,diff,go,groovy,html,java,javascript,objc,perl,php,python,r,ruby,sass,scala,shell,sql,swift,xml,yaml\n:default_issue_query: \'\'\n:default_project_query: \'\'\n:my_page_layout:\n  left:\n  - issuesassignedtome\n  right:\n  - issuesreportedbyme\n:my_page_settings: {}\n',1,''),(7,11,'---\n:no_self_notified: \'1\'\n:auto_watch_on:\n- \'\'\n- issue_contributed_to\n:comments_sorting: asc\n:warn_on_leaving_unsaved: \'1\'\n:textarea_font: \'\'\n:recently_used_projects: 3\n:history_default_tab: notes\n:toolbar_language_options: c,cpp,csharp,css,diff,go,groovy,html,java,javascript,objc,perl,php,python,r,ruby,sass,scala,shell,sql,swift,xml,yaml\n:default_issue_query: \'\'\n:default_project_query: \'\'\n:my_page_layout:\n  left:\n  - issuesassignedtome\n  right:\n  - issuesreportedbyme\n:my_page_settings: {}\n',1,'');
/*!40000 ALTER TABLE `user_preferences` ENABLE KEYS */;
UNLOCK TABLES;

--
-- Table structure for table `users`
--

DROP TABLE IF EXISTS `users`;
/*!40101 SET @saved_cs_client     = @@character_set_client */;
/*!40101 SET character_set_client = utf8 */;
CREATE TABLE `users` (
  `id` int(11) NOT NULL AUTO_INCREMENT,
  `login` varchar(255) NOT NULL DEFAULT '',
  `hashed_password` varchar(40) NOT NULL DEFAULT '',
  `firstname` varchar(30) NOT NULL DEFAULT '',
  `lastname` varchar(255) NOT NULL DEFAULT '',
  `admin` tinyint(1) NOT NULL DEFAULT '0',
  `status` int(11) NOT NULL DEFAULT '1',
  `last_login_on` datetime DEFAULT NULL,
  `language` varchar(5) DEFAULT '',
  `auth_source_id` int(11) DEFAULT NULL,
  `created_on` timestamp NULL DEFAULT NULL,
  `updated_on` timestamp NULL DEFAULT NULL,
  `type` varchar(255) DEFAULT NULL,
  `mail_notification` varchar(255) NOT NULL DEFAULT '',
  `salt` varchar(64) DEFAULT NULL,
  `must_change_passwd` tinyint(1) NOT NULL DEFAULT '0',
  `passwd_changed_on` datetime DEFAULT NULL,
  `twofa_scheme` varchar(255) DEFAULT NULL,
  `twofa_totp_key` varchar(255) DEFAULT NULL,
  `twofa_totp_last_used_at` int(11) DEFAULT NULL,
  `twofa_required` tinyint(1) DEFAULT '0',
  PRIMARY KEY (`id`),
  KEY `index_users_on_id_and_type` (`id`,`type`),
  KEY `index_users_on_auth_source_id` (`auth_source_id`),
  KEY `index_users_on_type` (`type`)
) ENGINE=InnoDB AUTO_INCREMENT=12 DEFAULT CHARSET=latin1;
/*!40101 SET character_set_client = @saved_cs_client */;

--
-- Dumping data for table `users`
--

LOCK TABLES `users` WRITE;
/*!40000 ALTER TABLE `users` DISABLE KEYS */;
INSERT INTO `users` VALUES (1,'admin','edd1eff4439d55a4794b4ed9c1dd1f73f4ae4c12','Redmine','Admin',1,1,'2023-04-27 18:02:29','',NULL,'2023-04-24 20:04:07','2023-04-24 20:10:35','User','all','5a3bbd4c75697c6cd56daefb973b83de',0,'2023-04-24 20:10:35',NULL,NULL,NULL,0),(2,'','','','Anonymous users',0,1,NULL,'',NULL,'2023-04-24 20:04:21','2023-04-24 20:04:21','GroupAnonymous','',NULL,0,NULL,NULL,NULL,NULL,0),(3,'','','','Non member users',0,1,NULL,'',NULL,'2023-04-24 20:04:21','2023-04-24 20:04:21','GroupNonMember','',NULL,0,NULL,NULL,NULL,NULL,0),(4,'','','','Anonymous',0,0,NULL,'',NULL,'2023-04-24 20:09:24','2023-04-24 20:09:24','AnonymousUser','only_my_events',NULL,0,NULL,NULL,NULL,NULL,0),(5,'dev_1','e1f361a5239a63be04c137a88edb77f21ece3703','dev_1','dev_1',0,1,'2023-04-25 20:29:12','fr',NULL,'2023-04-24 22:07:58','2023-04-24 22:07:58','User','only_my_events','47739eb36608307c2c54236bd4fc4c28',0,'2023-04-24 22:07:58',NULL,NULL,NULL,0),(6,'dev_2','4d25b1fbee5c7050a61e7070afede04b3c87d1a7','dev_2','dev_2',0,1,NULL,'fr',NULL,'2023-04-24 22:08:21','2023-04-24 22:08:21','User','only_my_events','02906a39f85a347709b86f890218f2cc',0,'2023-04-24 22:08:21',NULL,NULL,NULL,0),(8,'cdp_1','7f883ca1a606c369e9bd08e1a7ea245b76d9d680','cdp_1','cdp_1',0,1,'2023-04-27 18:40:15','fr',NULL,'2023-04-24 22:10:50','2023-04-24 22:10:50','User','only_my_events','708d5ff36dc02930999669d8c4f5aa9d',0,'2023-04-24 22:10:50',NULL,NULL,NULL,0),(9,'cdp_2','5f026383ae9b1f3e2cb12bba83d04025d2f13063','cdp_2','cdp_2',0,1,NULL,'fr',NULL,'2023-04-24 22:11:38','2023-04-24 22:11:38','User','only_my_events','bb8fec90f5f4114250aac3ca619558f8',0,'2023-04-24 22:11:38',NULL,NULL,NULL,0),(10,'test_1','c68f22f1e5dd723b174014afc620eb103589cfbc','test_1','test_1',0,1,NULL,'fr',NULL,'2023-04-24 22:13:29','2023-04-24 22:13:29','User','only_my_events','009d7c03532e9cde9ec2ef9af8175bf2',0,'2023-04-24 22:13:29',NULL,NULL,NULL,0),(11,'test_2','a26c5d1246a023b28cd86f9a1d7df49e1c004369','test_2','test_2',0,1,NULL,'fr',NULL,'2023-04-24 22:15:31','2023-04-24 22:15:31','User','only_my_events','65f1a5e95a6c95d3cf3096c811167d39',0,'2023-04-24 22:15:31',NULL,NULL,NULL,0);
/*!40000 ALTER TABLE `users` ENABLE KEYS */;
UNLOCK TABLES;

--
-- Table structure for table `versions`
--

DROP TABLE IF EXISTS `versions`;
/*!40101 SET @saved_cs_client     = @@character_set_client */;
/*!40101 SET character_set_client = utf8 */;
CREATE TABLE `versions` (
  `id` int(11) NOT NULL AUTO_INCREMENT,
  `project_id` int(11) NOT NULL DEFAULT '0',
  `name` varchar(255) NOT NULL DEFAULT '',
  `description` varchar(255) DEFAULT '',
  `effective_date` date DEFAULT NULL,
  `created_on` timestamp NULL DEFAULT NULL,
  `updated_on` timestamp NULL DEFAULT NULL,
  `wiki_page_title` varchar(255) DEFAULT NULL,
  `status` varchar(255) DEFAULT 'open',
  `sharing` varchar(255) NOT NULL DEFAULT 'none',
  PRIMARY KEY (`id`),
  KEY `versions_project_id` (`project_id`),
  KEY `index_versions_on_sharing` (`sharing`)
) ENGINE=InnoDB DEFAULT CHARSET=latin1;
/*!40101 SET character_set_client = @saved_cs_client */;

--
-- Dumping data for table `versions`
--

LOCK TABLES `versions` WRITE;
/*!40000 ALTER TABLE `versions` DISABLE KEYS */;
/*!40000 ALTER TABLE `versions` ENABLE KEYS */;
UNLOCK TABLES;

--
-- Table structure for table `watchers`
--

DROP TABLE IF EXISTS `watchers`;
/*!40101 SET @saved_cs_client     = @@character_set_client */;
/*!40101 SET character_set_client = utf8 */;
CREATE TABLE `watchers` (
  `id` int(11) NOT NULL AUTO_INCREMENT,
  `watchable_type` varchar(255) NOT NULL DEFAULT '',
  `watchable_id` int(11) NOT NULL DEFAULT '0',
  `user_id` int(11) DEFAULT NULL,
  PRIMARY KEY (`id`),
  KEY `watchers_user_id_type` (`user_id`,`watchable_type`),
  KEY `index_watchers_on_user_id` (`user_id`),
  KEY `index_watchers_on_watchable_id_and_watchable_type` (`watchable_id`,`watchable_type`)
) ENGINE=InnoDB AUTO_INCREMENT=6 DEFAULT CHARSET=latin1;
/*!40101 SET character_set_client = @saved_cs_client */;

--
-- Dumping data for table `watchers`
--

LOCK TABLES `watchers` WRITE;
/*!40000 ALTER TABLE `watchers` DISABLE KEYS */;
INSERT INTO `watchers` VALUES (1,'Issue',1,8),(2,'Issue',2,8),(3,'Issue',1,5),(4,'Issue',4,8),(5,'Issue',4,5);
/*!40000 ALTER TABLE `watchers` ENABLE KEYS */;
UNLOCK TABLES;

--
-- Table structure for table `wiki_content_versions`
--

DROP TABLE IF EXISTS `wiki_content_versions`;
/*!40101 SET @saved_cs_client     = @@character_set_client */;
/*!40101 SET character_set_client = utf8 */;
CREATE TABLE `wiki_content_versions` (
  `id` int(11) NOT NULL AUTO_INCREMENT,
  `wiki_content_id` int(11) NOT NULL,
  `page_id` int(11) NOT NULL,
  `author_id` int(11) DEFAULT NULL,
  `data` longblob,
  `compression` varchar(6) DEFAULT '',
  `comments` varchar(1024) DEFAULT '',
  `updated_on` datetime NOT NULL,
  `version` int(11) NOT NULL,
  PRIMARY KEY (`id`),
  KEY `wiki_content_versions_wcid` (`wiki_content_id`),
  KEY `index_wiki_content_versions_on_updated_on` (`updated_on`)
) ENGINE=InnoDB DEFAULT CHARSET=latin1;
/*!40101 SET character_set_client = @saved_cs_client */;

--
-- Dumping data for table `wiki_content_versions`
--

LOCK TABLES `wiki_content_versions` WRITE;
/*!40000 ALTER TABLE `wiki_content_versions` DISABLE KEYS */;
/*!40000 ALTER TABLE `wiki_content_versions` ENABLE KEYS */;
UNLOCK TABLES;

--
-- Table structure for table `wiki_contents`
--

DROP TABLE IF EXISTS `wiki_contents`;
/*!40101 SET @saved_cs_client     = @@character_set_client */;
/*!40101 SET character_set_client = utf8 */;
CREATE TABLE `wiki_contents` (
  `id` int(11) NOT NULL AUTO_INCREMENT,
  `page_id` int(11) NOT NULL,
  `author_id` int(11) DEFAULT NULL,
  `text` longtext,
  `comments` varchar(1024) DEFAULT '',
  `updated_on` datetime NOT NULL,
  `version` int(11) NOT NULL,
  PRIMARY KEY (`id`),
  KEY `wiki_contents_page_id` (`page_id`),
  KEY `index_wiki_contents_on_author_id` (`author_id`)
) ENGINE=InnoDB DEFAULT CHARSET=latin1;
/*!40101 SET character_set_client = @saved_cs_client */;

--
-- Dumping data for table `wiki_contents`
--

LOCK TABLES `wiki_contents` WRITE;
/*!40000 ALTER TABLE `wiki_contents` DISABLE KEYS */;
/*!40000 ALTER TABLE `wiki_contents` ENABLE KEYS */;
UNLOCK TABLES;

--
-- Table structure for table `wiki_pages`
--

DROP TABLE IF EXISTS `wiki_pages`;
/*!40101 SET @saved_cs_client     = @@character_set_client */;
/*!40101 SET character_set_client = utf8 */;
CREATE TABLE `wiki_pages` (
  `id` int(11) NOT NULL AUTO_INCREMENT,
  `wiki_id` int(11) NOT NULL,
  `title` varchar(255) NOT NULL,
  `created_on` datetime NOT NULL,
  `protected` tinyint(1) NOT NULL DEFAULT '0',
  `parent_id` int(11) DEFAULT NULL,
  PRIMARY KEY (`id`),
  KEY `wiki_pages_wiki_id_title` (`wiki_id`,`title`),
  KEY `index_wiki_pages_on_wiki_id` (`wiki_id`),
  KEY `index_wiki_pages_on_parent_id` (`parent_id`)
) ENGINE=InnoDB DEFAULT CHARSET=latin1;
/*!40101 SET character_set_client = @saved_cs_client */;

--
-- Dumping data for table `wiki_pages`
--

LOCK TABLES `wiki_pages` WRITE;
/*!40000 ALTER TABLE `wiki_pages` DISABLE KEYS */;
/*!40000 ALTER TABLE `wiki_pages` ENABLE KEYS */;
UNLOCK TABLES;

--
-- Table structure for table `wiki_redirects`
--

DROP TABLE IF EXISTS `wiki_redirects`;
/*!40101 SET @saved_cs_client     = @@character_set_client */;
/*!40101 SET character_set_client = utf8 */;
CREATE TABLE `wiki_redirects` (
  `id` int(11) NOT NULL AUTO_INCREMENT,
  `wiki_id` int(11) NOT NULL,
  `title` varchar(255) DEFAULT NULL,
  `redirects_to` varchar(255) DEFAULT NULL,
  `created_on` datetime NOT NULL,
  `redirects_to_wiki_id` int(11) NOT NULL,
  PRIMARY KEY (`id`),
  KEY `wiki_redirects_wiki_id_title` (`wiki_id`,`title`),
  KEY `index_wiki_redirects_on_wiki_id` (`wiki_id`)
) ENGINE=InnoDB DEFAULT CHARSET=latin1;
/*!40101 SET character_set_client = @saved_cs_client */;

--
-- Dumping data for table `wiki_redirects`
--

LOCK TABLES `wiki_redirects` WRITE;
/*!40000 ALTER TABLE `wiki_redirects` DISABLE KEYS */;
/*!40000 ALTER TABLE `wiki_redirects` ENABLE KEYS */;
UNLOCK TABLES;

--
-- Table structure for table `wikis`
--

DROP TABLE IF EXISTS `wikis`;
/*!40101 SET @saved_cs_client     = @@character_set_client */;
/*!40101 SET character_set_client = utf8 */;
CREATE TABLE `wikis` (
  `id` int(11) NOT NULL AUTO_INCREMENT,
  `project_id` int(11) NOT NULL,
  `start_page` varchar(255) NOT NULL,
  `status` int(11) NOT NULL DEFAULT '1',
  PRIMARY KEY (`id`),
  KEY `wikis_project_id` (`project_id`)
) ENGINE=InnoDB AUTO_INCREMENT=7 DEFAULT CHARSET=latin1;
/*!40101 SET character_set_client = @saved_cs_client */;

--
-- Dumping data for table `wikis`
--

LOCK TABLES `wikis` WRITE;
/*!40000 ALTER TABLE `wikis` DISABLE KEYS */;
INSERT INTO `wikis` VALUES (1,1,'Wiki',1),(2,2,'Wiki',1),(3,3,'Wiki',1),(4,4,'Wiki',1),(5,5,'Wiki',1),(6,6,'Wiki',1);
/*!40000 ALTER TABLE `wikis` ENABLE KEYS */;
UNLOCK TABLES;

--
-- Table structure for table `workflows`
--

DROP TABLE IF EXISTS `workflows`;
/*!40101 SET @saved_cs_client     = @@character_set_client */;
/*!40101 SET character_set_client = utf8 */;
CREATE TABLE `workflows` (
  `id` int(11) NOT NULL AUTO_INCREMENT,
  `tracker_id` int(11) NOT NULL DEFAULT '0',
  `old_status_id` int(11) NOT NULL DEFAULT '0',
  `new_status_id` int(11) NOT NULL DEFAULT '0',
  `role_id` int(11) NOT NULL DEFAULT '0',
  `assignee` tinyint(1) NOT NULL DEFAULT '0',
  `author` tinyint(1) NOT NULL DEFAULT '0',
  `type` varchar(30) DEFAULT NULL,
  `field_name` varchar(30) DEFAULT NULL,
  `rule` varchar(30) DEFAULT NULL,
  PRIMARY KEY (`id`),
  KEY `wkfs_role_tracker_old_status` (`role_id`,`tracker_id`,`old_status_id`),
  KEY `index_workflows_on_old_status_id` (`old_status_id`),
  KEY `index_workflows_on_role_id` (`role_id`),
  KEY `index_workflows_on_new_status_id` (`new_status_id`),
  KEY `index_workflows_on_tracker_id` (`tracker_id`)
) ENGINE=InnoDB AUTO_INCREMENT=60 DEFAULT CHARSET=latin1;
/*!40101 SET character_set_client = @saved_cs_client */;

--
-- Dumping data for table `workflows`
--

LOCK TABLES `workflows` WRITE;
/*!40000 ALTER TABLE `workflows` DISABLE KEYS */;
INSERT INTO `workflows` VALUES (1,1,1,2,3,0,0,'WorkflowTransition',NULL,NULL),(2,1,1,3,3,0,0,'WorkflowTransition',NULL,NULL),(3,1,1,7,3,0,0,'WorkflowTransition',NULL,NULL),(4,1,3,7,3,0,0,'WorkflowTransition',NULL,NULL),(5,1,4,7,3,0,0,'WorkflowTransition',NULL,NULL),(6,1,5,7,3,0,0,'WorkflowTransition',NULL,NULL),(7,1,6,7,3,0,0,'WorkflowTransition',NULL,NULL),(8,1,7,2,3,0,0,'WorkflowTransition',NULL,NULL),(9,1,7,3,3,0,0,'WorkflowTransition',NULL,NULL),(10,1,7,4,3,0,0,'WorkflowTransition',NULL,NULL),(11,1,7,5,3,0,0,'WorkflowTransition',NULL,NULL),(12,1,7,6,3,0,0,'WorkflowTransition',NULL,NULL),(13,1,7,8,3,0,0,'WorkflowTransition',NULL,NULL),(14,1,7,9,3,0,0,'WorkflowTransition',NULL,NULL),(15,1,7,10,3,0,0,'WorkflowTransition',NULL,NULL),(16,1,8,7,3,0,0,'WorkflowTransition',NULL,NULL),(17,1,9,7,3,0,0,'WorkflowTransition',NULL,NULL),(18,1,10,7,3,0,0,'WorkflowTransition',NULL,NULL),(19,1,1,7,4,0,0,'WorkflowTransition',NULL,NULL),(20,1,2,7,4,0,0,'WorkflowTransition',NULL,NULL),(21,1,3,4,4,0,0,'WorkflowTransition',NULL,NULL),(22,1,3,7,4,0,0,'WorkflowTransition',NULL,NULL),(23,1,4,5,4,0,0,'WorkflowTransition',NULL,NULL),(24,1,4,7,4,0,0,'WorkflowTransition',NULL,NULL),(25,1,5,6,4,0,0,'WorkflowTransition',NULL,NULL),(26,1,5,7,4,0,0,'WorkflowTransition',NULL,NULL),(27,1,6,7,4,0,0,'WorkflowTransition',NULL,NULL),(28,1,7,3,4,0,0,'WorkflowTransition',NULL,NULL),(29,1,7,4,4,0,0,'WorkflowTransition',NULL,NULL),(30,1,7,5,4,0,0,'WorkflowTransition',NULL,NULL),(31,1,7,6,4,0,0,'WorkflowTransition',NULL,NULL),(32,1,7,8,4,0,0,'WorkflowTransition',NULL,NULL),(33,1,7,9,4,0,0,'WorkflowTransition',NULL,NULL),(34,1,7,10,4,0,0,'WorkflowTransition',NULL,NULL),(35,1,8,7,4,0,0,'WorkflowTransition',NULL,NULL),(36,1,9,7,4,0,0,'WorkflowTransition',NULL,NULL),(37,1,10,7,4,0,0,'WorkflowTransition',NULL,NULL),(38,1,1,7,5,0,0,'WorkflowTransition',NULL,NULL),(39,1,2,7,5,0,0,'WorkflowTransition',NULL,NULL),(40,1,3,7,5,0,0,'WorkflowTransition',NULL,NULL),(41,1,4,7,5,0,0,'WorkflowTransition',NULL,NULL),(42,1,5,7,5,0,0,'WorkflowTransition',NULL,NULL),(43,1,6,7,5,0,0,'WorkflowTransition',NULL,NULL),(44,1,6,8,5,0,0,'WorkflowTransition',NULL,NULL),(45,1,7,1,5,0,0,'WorkflowTransition',NULL,NULL),(46,1,7,2,5,0,0,'WorkflowTransition',NULL,NULL),(47,1,7,3,5,0,0,'WorkflowTransition',NULL,NULL),(48,1,7,4,5,0,0,'WorkflowTransition',NULL,NULL),(49,1,7,5,5,0,0,'WorkflowTransition',NULL,NULL),(50,1,7,6,5,0,0,'WorkflowTransition',NULL,NULL),(51,1,7,8,5,0,0,'WorkflowTransition',NULL,NULL),(52,1,7,9,5,0,0,'WorkflowTransition',NULL,NULL),(53,1,7,10,5,0,0,'WorkflowTransition',NULL,NULL),(54,1,8,7,5,0,0,'WorkflowTransition',NULL,NULL),(55,1,9,7,5,0,0,'WorkflowTransition',NULL,NULL),(56,1,10,7,5,0,0,'WorkflowTransition',NULL,NULL),(57,1,8,9,4,0,0,'WorkflowTransition',NULL,NULL),(58,1,9,10,4,0,0,'WorkflowTransition',NULL,NULL),(59,1,10,2,4,0,0,'WorkflowTransition',NULL,NULL);
/*!40000 ALTER TABLE `workflows` ENABLE KEYS */;
UNLOCK TABLES;
/*!40103 SET TIME_ZONE=@OLD_TIME_ZONE */;

/*!40101 SET SQL_MODE=@OLD_SQL_MODE */;
/*!40014 SET FOREIGN_KEY_CHECKS=@OLD_FOREIGN_KEY_CHECKS */;
/*!40014 SET UNIQUE_CHECKS=@OLD_UNIQUE_CHECKS */;
/*!40101 SET CHARACTER_SET_CLIENT=@OLD_CHARACTER_SET_CLIENT */;
/*!40101 SET CHARACTER_SET_RESULTS=@OLD_CHARACTER_SET_RESULTS */;
/*!40101 SET COLLATION_CONNECTION=@OLD_COLLATION_CONNECTION */;
/*!40111 SET SQL_NOTES=@OLD_SQL_NOTES */;

-- Dump completed on 2023-04-27 20:47:54
